OrderID,Date,Product,Category,Quantity,Price,City
10000,2023-04-13,Bag,Electronics,4,24526,Karachi
10001,2023-12-15,Phone,Electronics,2,35527,Peshawar
10002,2023-09-28,Bag,Fashion,4,40377,Peshawar
10003,2023-04-17,Watch,Fashion,3,31651,Karachi
10004,2023-03-13,Laptop,Fashion,1,24377,Peshawar
10005,2023-07-08,Bag,Fashion,3,35589,Peshawar
10006,2023-01-21,Shoes,Electronics,4,45312,Quetta
10007,2023-04-13,Phone,Electronics,4,9737,Quetta
10008,2023-05-02,Shoes,Electronics,4,43358,Karachi
10009,2023-08-03,Shirt,Fashion,3,35793,Lahore
10010,2023-11-27,Laptop,Fashion,4,9924,Peshawar
10011,2023-03-29,Bag,Electronics,3,27050,Lahore
10012,2023-04-10,Shoes,Fashion,2,23588,Karachi
10013,2023-12-26,Laptop,Electronics,1,39108,Karachi
10014,2023-06-01,Shirt,Electronics,1,49764,Quetta
10015,2023-05-11,Watch,Electronics,3,315,Peshawar
10016,2023-05-30,Phone,Electronics,2,40167,Islamabad
10017,2023-11-05,Laptop,Electronics,3,11623,Karachi
10018,2023-09-15,Laptop,Fashion,2,10464,Peshawar
10019,2023-12-10,Watch,Fashion,4,3253,Lahore
10020,2023-10-21,Laptop,Fashion,2,23934,Quetta
10021,2023-07-11,Shirt,Electronics,2,34574,Lahore
10022,2023-10-04,Shirt,Electronics,2,43166,Karachi
10023,2023-06-10,Watch,Electronics,1,34435,Karachi
10024,2023-11-10,Phone,Electronics,2,10500,Lahore
10025,2023-01-22,Bag,Fashion,4,10445,Karachi
10026,2023-09-10,Shoes,Fashion,4,33996,Peshawar
10027,2023-08-24,Bag,Electronics,4,19994,Karachi
10028,2023-12-11,Laptop,Electronics,2,28999,Quetta
10029,2023-02-18,Shoes,Electronics,3,40735,Peshawar
10030,2023-02-28,Watch,Fashion,3,28329,Islamabad
10031,2023-06-19,Watch,Fashion,4,5683,Karachi
10032,2023-07-07,Phone,Fashion,1,4997,Karachi
10033,2023-09-28,Shoes,Electronics,3,6101,Quetta
10034,2023-07-09,Shirt,Electronics,2,43981,Quetta
10035,2023-06-24,Shoes,Fashion,3,4667,Lahore
10036,2023-02-20,Laptop,Electronics,4,9371,Lahore
10037,2023-12-30,Shirt,Fashion,1,47216,Lahore
10038,2023-02-24,Watch,Electronics,3,11803,Quetta
10039,2023-09-01,Shoes,Fashion,3,13429,Lahore
10040,2023-11-16,Bag,Electronics,4,35609,Lahore
10041,2023-05-11,Phone,Fashion,1,6356,Islamabad
10042,2023-11-03,Bag,Fashion,1,328,Lahore
10043,2023-05-15,Phone,Fashion,4,24846,Karachi
10044,2023-01-21,Laptop,Fashion,2,16778,Quetta
10045,2023-11-25,Bag,Fashion,3,37152,Peshawar
10046,2023-06-16,Shoes,Fashion,2,46132,Islamabad
10047,2023-10-01,Shoes,Electronics,3,46258,Quetta
10048,2023-03-30,Bag,Electronics,3,23285,Quetta
10049,2023-11-12,Shoes,Electronics,2,33786,Karachi
10050,2023-01-14,Laptop,Fashion,4,11545,Lahore
10051,2023-08-30,Shirt,Fashion,4,33366,Karachi
10052,2023-09-22,Laptop,Electronics,3,2909,Lahore
10053,2023-12-12,Phone,Fashion,4,37829,Lahore
10054,2023-02-22,Laptop,Fashion,3,41885,Quetta
10055,2023-12-06,Phone,Fashion,4,36647,Lahore
10056,2023-04-02,Shoes,Fashion,3,42918,Islamabad
10057,2023-09-21,Shirt,Fashion,4,34986,Islamabad
10058,2023-02-04,Shoes,Electronics,1,6491,Islamabad
10059,2023-07-25,Watch,Electronics,2,245,Quetta
10060,2023-03-22,Shoes,Electronics,1,14029,Karachi
10061,2023-02-19,Phone,Electronics,2,24426,Peshawar
10062,2023-12-26,Shoes,Electronics,2,30091,Lahore
10063,2023-01-02,Shoes,Fashion,3,47785,Peshawar
10064,2023-02-23,Shirt,Fashion,2,37433,Karachi
10065,2023-04-16,Shoes,Fashion,1,16676,Karachi
10066,2023-09-17,Shirt,Fashion,1,39505,Quetta
10067,2023-11-06,Bag,Electronics,4,28564,Islamabad
10068,2023-07-10,Watch,Electronics,1,8343,Islamabad
10069,2023-08-06,Shirt,Electronics,4,31701,Karachi
10070,2023-02-13,Phone,Fashion,2,2510,Quetta
10071,2023-06-11,Bag,Electronics,1,1920,Quetta
10072,2023-07-21,Shirt,Fashion,2,35389,Lahore
10073,2023-09-27,Shirt,Electronics,1,38750,Islamabad
10074,2023-12-17,Watch,Electronics,1,34735,Karachi
10075,2023-10-31,Phone,Fashion,4,7565,Peshawar
10076,2023-09-28,Laptop,Fashion,2,32539,Islamabad
10077,2023-08-03,Laptop,Electronics,1,27414,Lahore
10078,2023-09-09,Shirt,Electronics,3,44329,Quetta
10079,2023-07-09,Shoes,Fashion,2,19683,Karachi
10080,2023-10-23,Phone,Electronics,2,27255,Islamabad
10081,2023-08-01,Bag,Electronics,2,38971,Peshawar
10082,2023-07-27,Shoes,Fashion,4,12297,Lahore
10083,2023-08-25,Shoes,Electronics,3,29611,Lahore
10084,2023-12-04,Phone,Fashion,2,15524,Islamabad
10085,2023-02-22,Shirt,Electronics,1,48921,Peshawar
10086,2023-10-07,Shirt,Fashion,1,340,Lahore
10087,2023-08-05,Shirt,Electronics,4,4731,Karachi
10088,2023-09-09,Shirt,Fashion,1,9699,Lahore
10089,2023-07-07,Laptop,Electronics,2,44562,Peshawar
10090,2023-02-10,Shirt,Fashion,1,24758,Quetta
10091,2023-06-06,Laptop,Electronics,2,37945,Quetta
10092,2023-01-15,Laptop,Electronics,1,32674,Islamabad
10093,2023-10-28,Shirt,Electronics,3,36636,Peshawar
10094,2023-03-06,Watch,Electronics,4,42010,Lahore
10095,2023-12-11,Bag,Electronics,4,8095,Lahore
10096,2023-11-23,Shoes,Electronics,3,25286,Quetta
10097,2023-01-09,Laptop,Electronics,3,29345,Quetta
10098,2023-12-10,Phone,Electronics,4,22913,Karachi
10099,2023-05-09,Phone,Electronics,3,13376,Quetta
10100,2023-05-16,Bag,Fashion,2,20089,Karachi
10101,2023-03-04,Phone,Fashion,1,12846,Lahore
10102,2023-05-19,Watch,Electronics,4,44343,Karachi
10103,2023-03-22,Phone,Fashion,3,18657,Karachi
10104,2023-06-12,Shoes,Electronics,2,28160,Islamabad
10105,2023-10-16,Shoes,Electronics,4,6668,Quetta
10106,2023-09-18,Laptop,Fashion,3,35469,Karachi
10107,2023-08-19,Shirt,Electronics,4,19141,Lahore
10108,2023-02-10,Watch,Electronics,3,6180,Peshawar
10109,2023-01-28,Laptop,Fashion,4,13954,Karachi
10110,2023-05-15,Watch,Fashion,2,2259,Quetta
10111,2023-07-20,Shirt,Electronics,2,27125,Islamabad
10112,2023-11-24,Phone,Fashion,1,41181,Lahore
10113,2023-09-25,Phone,Fashion,4,4468,Islamabad
10114,2023-02-02,Shirt,Electronics,1,34185,Peshawar
10115,2023-02-17,Laptop,Fashion,4,27194,Karachi
10116,2023-03-03,Shirt,Fashion,3,46140,Karachi
10117,2023-08-04,Bag,Electronics,3,1330,Quetta
10118,2023-10-20,Shoes,Fashion,1,17617,Karachi
10119,2023-04-09,Laptop,Fashion,4,24091,Lahore
10120,2023-06-21,Watch,Electronics,1,1401,Peshawar
10121,2023-12-26,Bag,Electronics,2,28710,Islamabad
10122,2023-08-02,Laptop,Electronics,1,16027,Peshawar
10123,2023-02-04,Shirt,Fashion,1,34778,Karachi
10124,2023-08-15,Shirt,Electronics,3,24566,Islamabad
10125,2023-04-11,Shirt,Electronics,1,15004,Quetta
10126,2023-05-11,Shirt,Fashion,4,40975,Peshawar
10127,2023-09-14,Watch,Electronics,3,26181,Islamabad
10128,2023-01-05,Bag,Electronics,1,24454,Islamabad
10129,2023-08-06,Phone,Electronics,2,27861,Islamabad
10130,2023-09-12,Shoes,Electronics,1,18400,Lahore
10131,2023-12-25,Watch,Fashion,1,29591,Peshawar
10132,2023-10-10,Watch,Electronics,1,35625,Islamabad
10133,2023-07-26,Phone,Electronics,3,26632,Peshawar
10134,2023-01-15,Phone,Fashion,4,6564,Islamabad
10135,2023-12-12,Shoes,Electronics,2,16662,Quetta
10136,2023-02-11,Shoes,Fashion,1,41956,Quetta
10137,2023-06-28,Phone,Fashion,4,47992,Quetta
10138,2023-03-04,Shirt,Fashion,4,47128,Karachi
10139,2023-12-18,Watch,Electronics,3,42611,Islamabad
10140,2023-08-19,Laptop,Fashion,2,8783,Karachi
10141,2023-08-29,Shoes,Fashion,3,32734,Peshawar
10142,2023-02-21,Shoes,Fashion,4,160,Karachi
10143,2023-04-06,Phone,Electronics,4,9369,Peshawar
10144,2023-08-10,Bag,Electronics,4,23165,Peshawar
10145,2023-08-19,Laptop,Electronics,3,2995,Peshawar
10146,2023-08-25,Laptop,Electronics,2,15423,Karachi
10147,2023-05-23,Shoes,Electronics,1,12452,Islamabad
10148,2023-06-20,Shirt,Electronics,3,44743,Karachi
10149,2023-01-29,Bag,Electronics,4,49837,Islamabad
10150,2023-02-05,Laptop,Fashion,3,38691,Islamabad
10151,2023-01-13,Shoes,Fashion,4,30990,Peshawar
10152,2023-06-09,Laptop,Fashion,1,32116,Karachi
10153,2023-11-23,Bag,Fashion,1,12062,Islamabad
10154,2023-07-06,Bag,Electronics,2,33402,Quetta
10155,2023-08-31,Watch,Fashion,4,19946,Islamabad
10156,2023-03-27,Phone,Fashion,2,4111,Quetta
10157,2023-10-11,Phone,Fashion,2,19882,Karachi
10158,2023-03-07,Shoes,Fashion,1,2255,Karachi
10159,2023-06-19,Bag,Electronics,3,39825,Karachi
10160,2023-02-14,Watch,Electronics,3,9296,Islamabad
10161,2023-03-03,Watch,Electronics,2,43559,Lahore
10162,2023-05-14,Laptop,Fashion,1,21809,Islamabad
10163,2023-10-11,Laptop,Electronics,4,13427,Islamabad
10164,2023-01-28,Watch,Fashion,3,35574,Peshawar
10165,2023-04-18,Laptop,Electronics,2,32869,Peshawar
10166,2023-02-13,Bag,Electronics,3,42093,Islamabad
10167,2023-12-06,Shirt,Electronics,3,24800,Quetta
10168,2023-10-13,Bag,Electronics,4,14920,Peshawar
10169,2023-11-27,Watch,Electronics,1,10991,Islamabad
10170,2023-05-08,Watch,Fashion,4,34729,Lahore
10171,2023-12-14,Bag,Electronics,1,5369,Quetta
10172,2023-08-19,Laptop,Fashion,3,43980,Karachi
10173,2023-07-09,Laptop,Fashion,2,48567,Islamabad
10174,2023-08-13,Phone,Fashion,4,8420,Islamabad
10175,2023-10-10,Watch,Fashion,1,49689,Quetta
10176,2023-05-01,Shoes,Fashion,3,10840,Peshawar
10177,2023-04-26,Phone,Electronics,1,35997,Peshawar
10178,2023-08-21,Laptop,Electronics,1,31030,Peshawar
10179,2023-09-16,Bag,Electronics,1,17385,Karachi
10180,2023-12-25,Laptop,Electronics,3,14480,Quetta
10181,2023-07-17,Bag,Fashion,2,11460,Quetta
10182,2023-05-17,Phone,Electronics,2,5498,Peshawar
10183,2023-11-14,Watch,Electronics,2,5629,Peshawar
10184,2023-06-14,Laptop,Fashion,1,29162,Lahore
10185,2023-08-13,Bag,Fashion,3,36786,Lahore
10186,2023-11-03,Watch,Electronics,1,17551,Islamabad
10187,2023-08-22,Shoes,Electronics,2,49278,Islamabad
10188,2023-06-21,Bag,Fashion,2,7037,Quetta
10189,2023-06-01,Phone,Electronics,3,39986,Quetta
10190,2023-11-11,Shoes,Electronics,1,49799,Karachi
10191,2023-06-09,Shoes,Electronics,4,10960,Karachi
10192,2023-04-06,Shirt,Electronics,4,25242,Lahore
10193,2023-08-21,Laptop,Fashion,2,25379,Islamabad
10194,2023-06-29,Bag,Fashion,3,38206,Lahore
10195,2023-04-23,Shoes,Fashion,1,45340,Lahore
10196,2023-11-14,Shirt,Electronics,1,36008,Islamabad
10197,2023-02-21,Phone,Electronics,2,40864,Karachi
10198,2023-09-25,Watch,Electronics,2,48357,Islamabad
10199,2023-10-22,Bag,Electronics,1,14301,Peshawar
10200,2023-04-23,Shoes,Electronics,1,40644,Peshawar
10201,2023-04-11,Laptop,Fashion,2,37811,Peshawar
10202,2023-04-23,Shirt,Electronics,1,45754,Quetta
10203,2023-03-22,Shoes,Electronics,4,9097,Karachi
10204,2023-07-06,Laptop,Fashion,2,40666,Karachi
10205,2023-04-23,Shoes,Electronics,1,20275,Quetta
10206,2023-01-02,Bag,Fashion,2,40960,Lahore
10207,2023-05-10,Bag,Fashion,3,3325,Peshawar
10208,2023-08-08,Bag,Fashion,2,44678,Peshawar
10209,2023-02-23,Phone,Fashion,2,47782,Lahore
10210,2023-12-09,Phone,Fashion,3,35328,Islamabad
10211,2023-08-12,Shirt,Electronics,4,41605,Islamabad
10212,2023-08-13,Bag,Fashion,1,46788,Karachi
10213,2023-05-06,Laptop,Fashion,3,23210,Quetta
10214,2023-05-10,Shoes,Electronics,2,10854,Karachi
10215,2023-02-22,Watch,Electronics,1,26755,Islamabad
10216,2023-06-21,Laptop,Fashion,3,43701,Lahore
10217,2023-08-06,Phone,Electronics,1,3214,Karachi
10218,2023-06-09,Phone,Electronics,1,26602,Peshawar
10219,2023-07-17,Laptop,Fashion,3,49868,Peshawar
10220,2023-09-04,Phone,Fashion,1,48228,Lahore
10221,2023-11-20,Bag,Electronics,4,20128,Islamabad
10222,2023-07-22,Shirt,Fashion,3,17687,Peshawar
10223,2023-07-03,Shoes,Fashion,4,42819,Peshawar
10224,2023-05-03,Shirt,Electronics,2,35433,Quetta
10225,2023-09-12,Shoes,Fashion,1,3274,Karachi
10226,2023-10-21,Shoes,Fashion,2,35498,Islamabad
10227,2023-10-07,Shirt,Fashion,2,36029,Karachi
10228,2023-11-21,Laptop,Fashion,1,4421,Islamabad
10229,2023-04-08,Shoes,Fashion,3,30535,Peshawar
10230,2023-07-17,Shirt,Electronics,1,46072,Quetta
10231,2023-08-28,Shoes,Electronics,2,7199,Karachi
10232,2023-05-24,Watch,Fashion,2,23860,Peshawar
10233,2023-04-07,Laptop,Electronics,3,11460,Islamabad
10234,2023-07-20,Bag,Fashion,1,10413,Karachi
10235,2023-05-04,Shoes,Fashion,2,46370,Karachi
10236,2023-07-06,Watch,Fashion,4,20562,Peshawar
10237,2023-11-22,Bag,Fashion,2,5901,Karachi
10238,2023-12-15,Bag,Fashion,2,14230,Quetta
10239,2023-09-16,Shoes,Electronics,3,14371,Quetta
10240,2023-05-28,Shirt,Electronics,4,16175,Peshawar
10241,2023-09-09,Shoes,Fashion,2,37019,Islamabad
10242,2023-12-12,Watch,Electronics,2,41779,Peshawar
10243,2023-05-27,Bag,Fashion,4,19084,Quetta
10244,2023-05-28,Shoes,Electronics,1,22659,Lahore
10245,2023-12-18,Shirt,Fashion,1,12961,Lahore
10246,2023-07-18,Shoes,Electronics,2,33534,Karachi
10247,2023-11-04,Laptop,Fashion,2,16767,Karachi
10248,2023-05-08,Shirt,Fashion,1,5940,Lahore
10249,2023-02-08,Watch,Electronics,3,3665,Quetta
10250,2023-12-04,Bag,Electronics,4,43294,Karachi
10251,2023-12-26,Shoes,Fashion,4,21077,Peshawar
10252,2023-05-09,Shirt,Electronics,3,21218,Peshawar
10253,2023-09-24,Laptop,Fashion,3,22741,Quetta
10254,2023-05-31,Shirt,Electronics,3,7466,Karachi
10255,2023-10-25,Phone,Electronics,3,26736,Peshawar
10256,2023-04-09,Laptop,Fashion,3,15730,Karachi
10257,2023-09-20,Watch,Electronics,3,20156,Karachi
10258,2023-09-09,Bag,Electronics,4,7482,Peshawar
10259,2023-05-24,Watch,Fashion,3,16249,Lahore
10260,2023-12-12,Shoes,Electronics,1,48739,Peshawar
10261,2023-04-22,Shirt,Fashion,3,46141,Quetta
10262,2023-03-01,Phone,Fashion,3,1092,Islamabad
10263,2023-01-02,Laptop,Fashion,4,6958,Peshawar
10264,2023-10-31,Laptop,Fashion,4,2221,Karachi
10265,2023-09-11,Shirt,Fashion,3,27260,Karachi
10266,2023-05-20,Phone,Electronics,4,45256,Peshawar
10267,2023-02-06,Shirt,Fashion,2,21006,Islamabad
10268,2023-06-09,Shoes,Fashion,4,19672,Peshawar
10269,2023-01-09,Watch,Electronics,4,4236,Islamabad
10270,2023-08-21,Laptop,Electronics,4,16827,Islamabad
10271,2023-04-09,Shoes,Electronics,4,32267,Quetta
10272,2023-05-27,Watch,Fashion,1,45521,Karachi
10273,2023-10-31,Shoes,Fashion,1,15579,Karachi
10274,2023-07-27,Phone,Fashion,1,31476,Islamabad
10275,2023-05-11,Laptop,Electronics,3,4923,Karachi
10276,2023-06-01,Shirt,Fashion,3,5020,Lahore
10277,2023-02-23,Shirt,Electronics,2,19685,Islamabad
10278,2023-04-30,Watch,Fashion,1,38339,Karachi
10279,2023-06-10,Bag,Electronics,3,17372,Lahore
10280,2023-04-26,Phone,Fashion,4,26719,Quetta
10281,2023-03-16,Watch,Fashion,4,9633,Karachi
10282,2023-04-23,Bag,Fashion,1,39995,Lahore
10283,2023-04-14,Shoes,Electronics,2,3820,Peshawar
10284,2023-12-06,Phone,Electronics,2,19367,Peshawar
10285,2023-09-11,Shoes,Fashion,4,15796,Lahore
10286,2023-08-15,Laptop,Fashion,2,30068,Islamabad
10287,2023-04-22,Phone,Fashion,1,23445,Islamabad
10288,2023-04-09,Bag,Electronics,4,25793,Karachi
10289,2023-06-02,Laptop,Fashion,3,19485,Peshawar
10290,2023-12-15,Shirt,Fashion,3,18222,Islamabad
10291,2023-12-04,Bag,Fashion,2,1464,Islamabad
10292,2023-07-13,Watch,Fashion,4,2808,Peshawar
10293,2023-11-06,Shirt,Electronics,4,13082,Quetta
10294,2023-06-12,Shirt,Electronics,3,17408,Islamabad
10295,2023-07-27,Watch,Fashion,4,33019,Lahore
10296,2023-06-18,Phone,Fashion,4,25261,Karachi
10297,2023-06-10,Shirt,Electronics,4,35189,Islamabad
10298,2023-03-09,Bag,Electronics,2,13965,Islamabad
10299,2023-10-16,Laptop,Fashion,4,595,Quetta
10300,2023-10-04,Shirt,Electronics,1,44855,Lahore
10301,2023-10-31,Bag,Electronics,2,2248,Karachi
10302,2023-05-15,Shoes,Fashion,4,33424,Islamabad
10303,2023-07-14,Bag,Electronics,4,13493,Karachi
10304,2023-05-08,Laptop,Electronics,1,1652,Peshawar
10305,2023-02-02,Bag,Fashion,2,35953,Islamabad
10306,2023-06-25,Watch,Fashion,3,33024,Islamabad
10307,2023-01-22,Laptop,Electronics,3,9026,Peshawar
10308,2023-08-26,Phone,Fashion,2,30951,Quetta
10309,2023-06-07,Shoes,Electronics,4,23989,Islamabad
10310,2023-02-07,Watch,Fashion,4,40030,Karachi
10311,2023-08-18,Phone,Electronics,3,8155,Lahore
10312,2023-12-31,Bag,Fashion,3,4754,Karachi
10313,2023-02-20,Laptop,Electronics,3,22734,Quetta
10314,2023-09-21,Shoes,Electronics,1,32463,Lahore
10315,2023-10-10,Watch,Electronics,3,11568,Karachi
10316,2023-01-27,Phone,Fashion,1,33022,Karachi
10317,2023-08-14,Phone,Fashion,2,40818,Peshawar
10318,2023-10-04,Shoes,Electronics,4,48191,Quetta
10319,2023-10-13,Bag,Electronics,3,17480,Peshawar
10320,2023-04-07,Shoes,Fashion,4,26970,Lahore
10321,2023-10-11,Phone,Fashion,4,37494,Peshawar
10322,2023-11-13,Shirt,Fashion,3,14359,Quetta
10323,2023-10-31,Watch,Fashion,3,14973,Islamabad
10324,2023-05-27,Shoes,Fashion,2,13116,Islamabad
10325,2023-01-04,Phone,Fashion,1,42237,Lahore
10326,2023-02-04,Bag,Electronics,1,253,Islamabad
10327,2023-07-11,Phone,Fashion,4,7953,Peshawar
10328,2023-02-18,Bag,Electronics,3,12479,Lahore
10329,2023-01-17,Shoes,Fashion,2,15892,Quetta
10330,2023-06-21,Bag,Fashion,2,38467,Lahore
10331,2023-08-08,Laptop,Electronics,2,18200,Lahore
10332,2023-06-07,Laptop,Electronics,2,47653,Karachi
10333,2023-02-15,Laptop,Fashion,2,11149,Karachi
10334,2023-01-06,Shirt,Electronics,1,886,Lahore
10335,2023-04-09,Shoes,Electronics,1,4468,Islamabad
10336,2023-08-21,Phone,Electronics,1,30799,Karachi
10337,2023-02-06,Phone,Electronics,3,47791,Quetta
10338,2023-10-07,Shirt,Fashion,4,37140,Peshawar
10339,2023-12-15,Bag,Electronics,2,27554,Karachi
10340,2023-10-29,Shirt,Fashion,3,38862,Lahore
10341,2023-06-30,Bag,Fashion,2,23700,Islamabad
10342,2023-04-05,Bag,Fashion,1,29338,Peshawar
10343,2023-04-09,Watch,Fashion,3,25341,Karachi
10344,2023-07-07,Phone,Electronics,1,19910,Islamabad
10345,2023-04-26,Laptop,Electronics,2,20267,Islamabad
10346,2023-07-10,Bag,Fashion,2,21911,Islamabad
10347,2023-09-10,Watch,Fashion,4,39879,Lahore
10348,2023-06-10,Phone,Fashion,2,20185,Quetta
10349,2023-09-13,Laptop,Fashion,1,46954,Islamabad
10350,2023-11-19,Bag,Electronics,2,9361,Peshawar
10351,2023-05-08,Bag,Fashion,4,18833,Karachi
10352,2023-01-18,Shirt,Electronics,4,39879,Peshawar
10353,2023-10-08,Shirt,Fashion,1,29179,Lahore
10354,2023-08-11,Phone,Fashion,3,34080,Lahore
10355,2023-02-23,Laptop,Fashion,2,14241,Peshawar
10356,2023-02-27,Bag,Fashion,4,9444,Quetta
10357,2023-11-19,Phone,Electronics,2,39572,Lahore
10358,2023-12-26,Phone,Electronics,2,15996,Lahore
10359,2023-06-23,Shoes,Electronics,3,23917,Peshawar
10360,2023-10-07,Shirt,Fashion,4,29913,Lahore
10361,2023-04-24,Laptop,Fashion,2,18995,Quetta
10362,2023-10-15,Bag,Electronics,4,243,Quetta
10363,2023-12-08,Phone,Electronics,1,10781,Quetta
10364,2023-05-31,Bag,Fashion,1,7467,Karachi
10365,2023-05-07,Shoes,Fashion,2,3328,Quetta
10366,2023-06-04,Laptop,Electronics,4,4682,Quetta
10367,2023-09-30,Phone,Fashion,2,13247,Karachi
10368,2023-04-14,Bag,Fashion,4,11497,Islamabad
10369,2023-10-26,Shirt,Electronics,4,38899,Lahore
10370,2023-09-03,Shoes,Fashion,3,37111,Quetta
10371,2023-06-25,Laptop,Electronics,3,13747,Lahore
10372,2023-02-08,Shoes,Fashion,3,27818,Peshawar
10373,2023-06-19,Shirt,Electronics,2,44364,Lahore
10374,2023-09-04,Laptop,Fashion,3,42417,Karachi
10375,2023-01-26,Shoes,Electronics,3,48014,Lahore
10376,2023-12-21,Watch,Electronics,1,19197,Lahore
10377,2023-11-02,Shirt,Electronics,4,37053,Lahore
10378,2023-01-13,Shirt,Electronics,4,45354,Islamabad
10379,2023-11-12,Shirt,Fashion,3,40196,Islamabad
10380,2023-11-09,Watch,Fashion,4,49552,Peshawar
10381,2023-02-05,Watch,Electronics,1,17207,Karachi
10382,2023-06-22,Bag,Fashion,1,3110,Lahore
10383,2023-01-20,Phone,Fashion,3,5655,Lahore
10384,2023-11-17,Shoes,Fashion,1,167,Lahore
10385,2023-09-21,Bag,Fashion,4,28512,Lahore
10386,2023-05-22,Shoes,Fashion,2,45053,Islamabad
10387,2023-05-23,Phone,Electronics,4,34405,Peshawar
10388,2023-04-02,Watch,Electronics,2,49649,Quetta
10389,2023-12-20,Phone,Electronics,3,11649,Karachi
10390,2023-11-18,Watch,Electronics,2,5780,Lahore
10391,2023-10-15,Phone,Fashion,1,25839,Peshawar
10392,2023-08-03,Bag,Fashion,4,21309,Quetta
10393,2023-12-08,Laptop,Electronics,2,41615,Peshawar
10394,2023-02-20,Bag,Fashion,4,22532,Islamabad
10395,2023-06-02,Shoes,Fashion,3,15216,Quetta
10396,2023-07-05,Bag,Electronics,3,20145,Peshawar
10397,2023-03-04,Shirt,Fashion,1,26427,Islamabad
10398,2023-07-09,Shoes,Electronics,3,35809,Peshawar
10399,2023-05-05,Phone,Electronics,2,43717,Peshawar
10400,2023-05-30,Shoes,Fashion,3,27005,Quetta
10401,2023-11-10,Laptop,Fashion,1,7167,Islamabad
10402,2023-02-27,Watch,Electronics,4,32659,Lahore
10403,2023-12-08,Phone,Electronics,4,43019,Karachi
10404,2023-11-01,Shoes,Fashion,3,18085,Quetta
10405,2023-06-29,Phone,Electronics,2,27469,Islamabad
10406,2023-06-19,Phone,Electronics,1,17964,Peshawar
10407,2023-11-22,Phone,Electronics,2,22714,Islamabad
10408,2023-09-28,Watch,Fashion,1,47994,Karachi
10409,2023-02-23,Bag,Electronics,3,15713,Karachi
10410,2023-04-11,Phone,Fashion,1,6547,Lahore
10411,2023-09-21,Shirt,Electronics,1,5599,Lahore
10412,2023-02-22,Laptop,Fashion,3,39141,Karachi
10413,2023-03-01,Watch,Electronics,2,31415,Quetta
10414,2023-04-18,Shoes,Fashion,3,1399,Quetta
10415,2023-01-05,Watch,Fashion,1,39569,Peshawar
10416,2023-04-13,Shoes,Fashion,3,5094,Lahore
10417,2023-07-15,Watch,Electronics,1,29978,Peshawar
10418,2023-09-19,Shoes,Electronics,3,15727,Lahore
10419,2023-12-31,Phone,Electronics,4,7589,Karachi
10420,2023-12-16,Bag,Fashion,4,26211,Quetta
10421,2023-02-16,Shoes,Electronics,3,32455,Quetta
10422,2023-12-21,Shoes,Fashion,2,8369,Karachi
10423,2023-11-07,Shirt,Electronics,1,2931,Peshawar
10424,2023-11-04,Shoes,Fashion,4,44470,Peshawar
10425,2023-05-24,Shirt,Fashion,2,11919,Islamabad
10426,2023-09-26,Laptop,Fashion,1,24913,Lahore
10427,2023-05-04,Phone,Electronics,4,21737,Peshawar
10428,2023-04-16,Shirt,Electronics,4,2096,Karachi
10429,2023-06-07,Bag,Electronics,3,44487,Peshawar
10430,2023-05-27,Phone,Fashion,1,49529,Quetta
10431,2023-05-25,Shirt,Fashion,2,3189,Lahore
10432,2023-04-30,Phone,Electronics,2,33391,Islamabad
10433,2023-11-15,Phone,Electronics,2,20759,Lahore
10434,2023-10-02,Phone,Electronics,1,45278,Quetta
10435,2023-04-02,Laptop,Fashion,2,30529,Quetta
10436,2023-02-27,Bag,Fashion,2,15832,Quetta
10437,2023-12-12,Watch,Fashion,2,19606,Quetta
10438,2023-08-17,Watch,Fashion,3,41035,Karachi
10439,2023-04-27,Shirt,Fashion,3,5290,Islamabad
10440,2023-11-14,Phone,Electronics,1,4675,Quetta
10441,2023-10-06,Shirt,Fashion,1,40595,Quetta
10442,2023-05-07,Laptop,Fashion,2,48246,Peshawar
10443,2023-05-09,Laptop,Fashion,3,34665,Islamabad
10444,2023-02-27,Shoes,Fashion,4,34999,Lahore
10445,2023-05-02,Laptop,Fashion,4,23806,Islamabad
10446,2023-01-01,Shoes,Electronics,2,47768,Islamabad
10447,2023-08-27,Bag,Fashion,2,22984,Islamabad
10448,2023-10-17,Shirt,Fashion,3,17299,Quetta
10449,2023-04-06,Bag,Fashion,3,44200,Quetta
10450,2023-05-06,Laptop,Electronics,3,39534,Karachi
10451,2023-04-28,Bag,Electronics,1,49394,Lahore
10452,2023-02-17,Bag,Electronics,1,12579,Peshawar
10453,2023-03-30,Bag,Fashion,2,34278,Islamabad
10454,2023-08-25,Laptop,Electronics,1,12765,Lahore
10455,2023-09-29,Phone,Fashion,3,634,Lahore
10456,2023-07-08,Bag,Fashion,3,26392,Karachi
10457,2023-07-11,Shoes,Electronics,1,36232,Peshawar
10458,2023-03-10,Laptop,Fashion,4,36210,Islamabad
10459,2023-10-05,Bag,Fashion,2,22569,Peshawar
10460,2023-12-15,Phone,Fashion,4,46333,Karachi
10461,2023-09-04,Laptop,Electronics,2,37368,Quetta
10462,2023-03-17,Watch,Fashion,4,1272,Lahore
10463,2023-06-03,Phone,Fashion,1,28014,Islamabad
10464,2023-05-24,Shoes,Electronics,2,21001,Quetta
10465,2023-03-27,Bag,Fashion,2,40875,Karachi
10466,2023-07-04,Watch,Fashion,2,34509,Peshawar
10467,2023-10-12,Watch,Electronics,3,49723,Lahore
10468,2023-08-08,Laptop,Fashion,3,19424,Islamabad
10469,2023-03-10,Watch,Fashion,4,8838,Quetta
10470,2023-02-16,Shoes,Fashion,1,37594,Quetta
10471,2023-04-04,Shoes,Fashion,3,44657,Lahore
10472,2023-08-26,Shirt,Fashion,2,24154,Peshawar
10473,2023-07-23,Shoes,Electronics,3,29809,Karachi
10474,2023-08-06,Phone,Electronics,1,43885,Peshawar
10475,2023-12-07,Watch,Electronics,3,20207,Peshawar
10476,2023-02-08,Shoes,Electronics,2,463,Peshawar
10477,2023-04-10,Laptop,Fashion,4,10458,Lahore
10478,2023-10-16,Shirt,Fashion,2,36177,Lahore
10479,2023-09-11,Watch,Fashion,1,49797,Karachi
10480,2023-08-10,Shirt,Fashion,4,3340,Peshawar
10481,2023-12-23,Watch,Fashion,3,6765,Lahore
10482,2023-01-23,Laptop,Electronics,3,45789,Karachi
10483,2023-09-07,Shirt,Electronics,3,2036,Karachi
10484,2023-01-10,Bag,Fashion,4,46836,Peshawar
10485,2023-09-03,Phone,Fashion,2,25638,Islamabad
10486,2023-11-21,Phone,Fashion,4,44065,Peshawar
10487,2023-04-10,Watch,Electronics,4,12098,Islamabad
10488,2023-10-17,Bag,Fashion,1,982,Karachi
10489,2023-06-29,Shirt,Fashion,4,20324,Lahore
10490,2023-08-11,Bag,Fashion,3,39791,Quetta
10491,2023-09-07,Bag,Electronics,2,46576,Karachi
10492,2023-05-27,Shirt,Fashion,2,30925,Lahore
10493,2023-04-06,Laptop,Electronics,2,5304,Karachi
10494,2023-09-14,Bag,Electronics,3,28985,Peshawar
10495,2023-11-21,Bag,Electronics,3,40156,Islamabad
10496,2023-01-04,Laptop,Electronics,3,3303,Karachi
10497,2023-01-16,Bag,Electronics,3,2344,Lahore
10498,2023-10-07,Bag,Electronics,3,32886,Peshawar
10499,2023-12-02,Bag,Fashion,4,49893,Quetta
10500,2023-09-04,Phone,Fashion,3,3183,Peshawar
10501,2023-09-15,Shoes,Fashion,3,21684,Islamabad
10502,2023-06-09,Laptop,Electronics,3,8621,Peshawar
10503,2023-12-06,Bag,Fashion,3,33641,Quetta
10504,2023-06-01,Phone,Electronics,2,29163,Lahore
10505,2023-06-27,Laptop,Electronics,3,4832,Karachi
10506,2023-06-12,Watch,Electronics,4,27618,Islamabad
10507,2023-02-02,Watch,Fashion,4,39663,Quetta
10508,2023-06-28,Bag,Electronics,4,39852,Islamabad
10509,2023-04-11,Phone,Electronics,1,29797,Peshawar
10510,2023-09-25,Phone,Fashion,2,2667,Islamabad
10511,2023-11-19,Laptop,Fashion,3,16221,Quetta
10512,2023-03-06,Laptop,Electronics,1,1774,Karachi
10513,2023-06-17,Phone,Electronics,3,10975,Karachi
10514,2023-11-26,Laptop,Fashion,1,44440,Islamabad
10515,2023-02-12,Phone,Fashion,1,839,Lahore
10516,2023-02-13,Shoes,Fashion,4,1645,Islamabad
10517,2023-10-12,Phone,Electronics,4,29240,Peshawar
10518,2023-01-12,Watch,Fashion,1,9427,Karachi
10519,2023-04-05,Laptop,Fashion,4,5227,Karachi
10520,2023-10-29,Phone,Fashion,1,23431,Karachi
10521,2023-09-10,Phone,Electronics,2,23104,Lahore
10522,2023-08-30,Laptop,Fashion,4,41933,Lahore
10523,2023-02-04,Shoes,Fashion,4,10592,Quetta
10524,2023-08-03,Shoes,Fashion,4,13849,Islamabad
10525,2023-12-03,Laptop,Fashion,2,23608,Islamabad
10526,2023-03-31,Shirt,Fashion,1,9145,Peshawar
10527,2023-09-21,Laptop,Electronics,3,20216,Karachi
10528,2023-04-03,Laptop,Electronics,4,18767,Lahore
10529,2023-03-31,Shoes,Electronics,1,9621,Peshawar
10530,2023-04-25,Shoes,Fashion,2,8769,Peshawar
10531,2023-04-15,Laptop,Electronics,3,27402,Lahore
10532,2023-07-15,Laptop,Electronics,4,11383,Islamabad
10533,2023-11-10,Laptop,Electronics,2,31035,Karachi
10534,2023-04-24,Shoes,Fashion,2,7098,Islamabad
10535,2023-03-16,Laptop,Fashion,3,28906,Peshawar
10536,2023-08-05,Laptop,Electronics,1,31724,Karachi
10537,2023-10-04,Bag,Electronics,4,13540,Quetta
10538,2023-09-06,Shirt,Fashion,4,45565,Peshawar
10539,2023-06-13,Watch,Fashion,1,46601,Islamabad
10540,2023-12-23,Shirt,Electronics,1,21897,Islamabad
10541,2023-07-11,Bag,Fashion,1,1369,Islamabad
10542,2023-08-15,Watch,Electronics,3,7968,Lahore
10543,2023-06-26,Laptop,Fashion,3,30351,Peshawar
10544,2023-04-09,Bag,Electronics,4,12473,Karachi
10545,2023-02-05,Laptop,Electronics,3,19087,Islamabad
10546,2023-04-06,Shoes,Fashion,2,38829,Islamabad
10547,2023-06-01,Phone,Electronics,4,15834,Lahore
10548,2023-05-31,Bag,Electronics,3,42529,Karachi
10549,2023-07-09,Shoes,Electronics,1,41437,Peshawar
10550,2023-08-12,Bag,Fashion,2,40425,Quetta
10551,2023-02-06,Bag,Fashion,1,18164,Lahore
10552,2023-09-25,Shoes,Fashion,4,8533,Peshawar
10553,2023-07-02,Watch,Electronics,1,48521,Quetta
10554,2023-01-13,Shirt,Fashion,3,9211,Islamabad
10555,2023-10-06,Laptop,Electronics,3,38550,Islamabad
10556,2023-08-05,Bag,Electronics,4,48347,Karachi
10557,2023-12-21,Laptop,Fashion,1,15147,Quetta
10558,2023-12-27,Phone,Fashion,4,8184,Islamabad
10559,2023-10-13,Shoes,Electronics,1,21851,Islamabad
10560,2023-09-30,Laptop,Electronics,2,16553,Karachi
10561,2023-03-03,Shoes,Fashion,3,20408,Peshawar
10562,2023-03-25,Laptop,Fashion,4,39068,Islamabad
10563,2023-08-05,Shirt,Fashion,2,30177,Lahore
10564,2023-12-08,Shirt,Electronics,2,43146,Lahore
10565,2023-07-06,Shirt,Electronics,4,34875,Peshawar
10566,2023-01-19,Shirt,Electronics,4,48670,Quetta
10567,2023-06-26,Shirt,Electronics,2,46197,Karachi
10568,2023-04-10,Shirt,Electronics,1,24603,Lahore
10569,2023-08-21,Shoes,Fashion,2,2879,Lahore
10570,2023-03-17,Bag,Fashion,4,21404,Peshawar
10571,2023-09-22,Laptop,Electronics,2,855,Quetta
10572,2023-10-11,Shirt,Electronics,1,39363,Quetta
10573,2023-07-25,Shoes,Fashion,3,43055,Peshawar
10574,2023-08-11,Shoes,Fashion,3,42381,Lahore
10575,2023-02-21,Shoes,Fashion,2,17500,Karachi
10576,2023-12-05,Bag,Fashion,1,40215,Lahore
10577,2023-05-24,Laptop,Electronics,3,14349,Quetta
10578,2023-03-10,Bag,Fashion,2,47747,Lahore
10579,2023-04-09,Watch,Electronics,2,46925,Karachi
10580,2023-01-25,Shoes,Fashion,1,44925,Islamabad
10581,2023-02-22,Watch,Fashion,4,24700,Lahore
10582,2023-05-31,Phone,Fashion,2,37806,Peshawar
10583,2023-05-24,Shirt,Electronics,4,19322,Islamabad
10584,2023-02-26,Shirt,Electronics,4,33605,Peshawar
10585,2023-02-08,Bag,Fashion,3,39068,Peshawar
10586,2023-04-19,Laptop,Electronics,4,41239,Peshawar
10587,2023-06-30,Watch,Electronics,1,49483,Lahore
10588,2023-02-11,Laptop,Fashion,3,41402,Quetta
10589,2023-07-05,Bag,Fashion,3,29248,Islamabad
10590,2023-08-11,Shirt,Electronics,3,22402,Karachi
10591,2023-05-02,Laptop,Electronics,2,2723,Quetta
10592,2023-05-13,Laptop,Electronics,2,8746,Lahore
10593,2023-06-12,Shirt,Fashion,4,13643,Peshawar
10594,2023-08-03,Watch,Fashion,3,29060,Karachi
10595,2023-08-09,Shirt,Electronics,3,22885,Islamabad
10596,2023-08-23,Laptop,Fashion,1,12917,Quetta
10597,2023-11-27,Watch,Fashion,4,31506,Quetta
10598,2023-05-26,Watch,Electronics,1,23556,Karachi
10599,2023-08-27,Shirt,Electronics,4,23877,Lahore
10600,2023-03-17,Laptop,Fashion,4,21014,Islamabad
10601,2023-01-09,Bag,Fashion,2,29653,Karachi
10602,2023-03-15,Laptop,Electronics,2,23648,Peshawar
10603,2023-09-10,Shoes,Fashion,1,37365,Islamabad
10604,2023-08-18,Phone,Fashion,4,40801,Quetta
10605,2023-01-07,Bag,Electronics,3,6827,Karachi
10606,2023-06-23,Watch,Electronics,2,45024,Quetta
10607,2023-05-21,Bag,Fashion,3,32527,Quetta
10608,2023-06-17,Watch,Fashion,1,16792,Quetta
10609,2023-06-19,Watch,Fashion,2,31725,Lahore
10610,2023-10-10,Bag,Electronics,2,25018,Quetta
10611,2023-05-02,Watch,Fashion,4,41495,Peshawar
10612,2023-07-13,Watch,Fashion,1,41236,Peshawar
10613,2023-01-05,Shoes,Electronics,4,49390,Islamabad
10614,2023-01-29,Laptop,Electronics,2,49445,Quetta
10615,2023-06-14,Laptop,Fashion,1,15677,Quetta
10616,2023-12-05,Phone,Electronics,2,19719,Karachi
10617,2023-05-16,Phone,Electronics,1,46340,Lahore
10618,2023-12-31,Shoes,Fashion,2,33810,Islamabad
10619,2023-11-17,Phone,Electronics,3,37488,Quetta
10620,2023-12-08,Bag,Electronics,3,16295,Karachi
10621,2023-05-25,Shirt,Fashion,4,27789,Lahore
10622,2023-11-23,Shirt,Electronics,3,11254,Islamabad
10623,2023-08-05,Shirt,Fashion,2,39221,Islamabad
10624,2023-10-28,Shoes,Fashion,2,29512,Quetta
10625,2023-05-12,Shoes,Electronics,3,21441,Islamabad
10626,2023-10-19,Watch,Electronics,4,32118,Karachi
10627,2023-03-11,Shirt,Electronics,3,9245,Islamabad
10628,2023-09-09,Bag,Fashion,1,42362,Peshawar
10629,2023-10-02,Phone,Electronics,1,46430,Karachi
10630,2023-12-30,Bag,Fashion,1,22323,Lahore
10631,2023-07-01,Phone,Electronics,3,2980,Lahore
10632,2023-06-16,Shirt,Electronics,3,21371,Quetta
10633,2023-04-01,Shirt,Electronics,3,33413,Quetta
10634,2023-07-21,Shirt,Fashion,1,47000,Peshawar
10635,2023-12-12,Shoes,Electronics,4,13404,Lahore
10636,2023-01-19,Phone,Electronics,2,34795,Lahore
10637,2023-02-08,Shoes,Fashion,3,30325,Lahore
10638,2023-05-06,Shoes,Fashion,4,20636,Lahore
10639,2023-06-22,Laptop,Electronics,2,30931,Islamabad
10640,2023-05-21,Bag,Electronics,2,49256,Karachi
10641,2023-08-30,Bag,Electronics,2,11773,Karachi
10642,2023-08-08,Watch,Fashion,4,22017,Peshawar
10643,2023-05-06,Shoes,Fashion,4,27929,Islamabad
10644,2023-02-27,Phone,Fashion,1,15472,Lahore
10645,2023-05-28,Laptop,Fashion,4,26038,Lahore
10646,2023-11-13,Laptop,Electronics,4,2763,Quetta
10647,2023-12-27,Bag,Fashion,4,47901,Quetta
10648,2023-01-01,Shoes,Fashion,2,9565,Peshawar
10649,2023-12-14,Watch,Fashion,3,3426,Lahore
10650,2023-07-09,Shoes,Electronics,1,3759,Peshawar
10651,2023-07-10,Shirt,Electronics,3,27694,Islamabad
10652,2023-11-08,Shoes,Fashion,3,4863,Karachi
10653,2023-04-27,Shirt,Fashion,4,23221,Lahore
10654,2023-05-14,Shirt,Electronics,1,10928,Islamabad
10655,2023-02-27,Watch,Electronics,3,47688,Lahore
10656,2023-02-13,Phone,Electronics,3,11321,Quetta
10657,2023-06-22,Bag,Electronics,1,11311,Peshawar
10658,2023-06-09,Shoes,Electronics,4,13669,Quetta
10659,2023-06-22,Shirt,Electronics,3,31458,Karachi
10660,2023-11-13,Shoes,Electronics,2,37960,Quetta
10661,2023-10-30,Phone,Electronics,3,6122,Lahore
10662,2023-05-29,Bag,Fashion,2,45437,Quetta
10663,2023-03-21,Phone,Fashion,4,13615,Lahore
10664,2023-08-01,Bag,Fashion,3,6259,Karachi
10665,2023-07-22,Laptop,Fashion,1,46091,Quetta
10666,2023-09-09,Bag,Fashion,1,41313,Peshawar
10667,2023-08-17,Watch,Fashion,3,21791,Peshawar
10668,2023-06-13,Phone,Electronics,4,25004,Peshawar
10669,2023-08-15,Shirt,Electronics,4,43890,Quetta
10670,2023-05-27,Laptop,Fashion,1,3144,Quetta
10671,2023-01-20,Watch,Fashion,3,9712,Quetta
10672,2023-02-16,Shoes,Electronics,4,5736,Lahore
10673,2023-08-21,Phone,Electronics,1,11693,Karachi
10674,2023-11-01,Shirt,Electronics,2,49047,Peshawar
10675,2023-01-14,Bag,Fashion,3,2992,Lahore
10676,2023-05-23,Shirt,Electronics,2,21772,Peshawar
10677,2023-01-01,Shoes,Fashion,2,5912,Lahore
10678,2023-02-23,Laptop,Fashion,4,31185,Quetta
10679,2023-09-16,Laptop,Electronics,4,754,Peshawar
10680,2023-05-24,Phone,Electronics,4,17243,Quetta
10681,2023-01-12,Laptop,Fashion,3,1898,Peshawar
10682,2023-11-26,Phone,Electronics,2,38027,Islamabad
10683,2023-08-12,Phone,Electronics,3,29187,Lahore
10684,2023-09-29,Phone,Fashion,4,11718,Islamabad
10685,2023-12-24,Bag,Electronics,2,8546,Lahore
10686,2023-06-05,Watch,Fashion,3,21746,Karachi
10687,2023-01-08,Phone,Fashion,3,36691,Peshawar
10688,2023-05-02,Phone,Electronics,1,48967,Karachi
10689,2023-12-14,Watch,Fashion,3,27300,Karachi
10690,2023-06-13,Shirt,Fashion,4,29671,Lahore
10691,2023-03-31,Phone,Electronics,3,22638,Islamabad
10692,2023-05-16,Bag,Electronics,2,40655,Quetta
10693,2023-07-05,Laptop,Electronics,3,44064,Lahore
10694,2023-11-12,Laptop,Fashion,1,21000,Quetta
10695,2023-06-27,Shoes,Fashion,2,22456,Karachi
10696,2023-01-28,Shoes,Electronics,2,23123,Quetta
10697,2023-08-08,Laptop,Fashion,1,39248,Islamabad
10698,2023-12-23,Laptop,Electronics,4,17492,Lahore
10699,2023-02-10,Bag,Electronics,2,20798,Islamabad
10700,2023-08-16,Watch,Fashion,4,42570,Islamabad
10701,2023-07-11,Shoes,Electronics,2,26635,Lahore
10702,2023-05-25,Watch,Fashion,2,35550,Islamabad
10703,2023-07-20,Bag,Fashion,4,33857,Peshawar
10704,2023-07-31,Laptop,Electronics,2,12576,Peshawar
10705,2023-08-08,Phone,Fashion,4,41314,Peshawar
10706,2023-08-28,Watch,Electronics,1,4811,Quetta
10707,2023-02-15,Laptop,Fashion,4,6579,Islamabad
10708,2023-02-04,Laptop,Fashion,1,31490,Lahore
10709,2023-09-10,Shirt,Fashion,2,13261,Lahore
10710,2023-03-23,Watch,Electronics,4,32252,Quetta
10711,2023-09-13,Phone,Fashion,2,14735,Lahore
10712,2023-07-16,Watch,Electronics,4,40943,Peshawar
10713,2023-10-30,Laptop,Fashion,1,30397,Islamabad
10714,2023-01-10,Phone,Fashion,1,20936,Lahore
10715,2023-11-08,Bag,Electronics,4,24931,Lahore
10716,2023-10-13,Shirt,Electronics,1,1107,Karachi
10717,2023-08-30,Laptop,Electronics,2,26431,Karachi
10718,2023-09-08,Shoes,Electronics,2,40556,Karachi
10719,2023-12-31,Shoes,Electronics,3,10863,Islamabad
10720,2023-01-05,Shirt,Fashion,1,4008,Peshawar
10721,2023-04-29,Bag,Fashion,2,27673,Peshawar
10722,2023-10-16,Laptop,Electronics,4,19287,Peshawar
10723,2023-03-06,Watch,Fashion,1,12057,Islamabad
10724,2023-05-26,Shirt,Fashion,2,4479,Islamabad
10725,2023-08-12,Bag,Fashion,1,28059,Karachi
10726,2023-08-27,Watch,Electronics,4,16582,Lahore
10727,2023-06-26,Shoes,Fashion,2,27205,Quetta
10728,2023-09-24,Shoes,Fashion,3,977,Quetta
10729,2023-12-07,Watch,Fashion,3,48453,Lahore
10730,2023-10-09,Shirt,Electronics,1,18352,Karachi
10731,2023-03-04,Shoes,Fashion,4,31434,Lahore
10732,2023-08-05,Laptop,Fashion,2,19149,Lahore
10733,2023-12-08,Phone,Electronics,4,17872,Quetta
10734,2023-11-11,Watch,Electronics,2,2737,Karachi
10735,2023-10-10,Watch,Fashion,1,7342,Islamabad
10736,2023-06-26,Shoes,Fashion,2,42125,Quetta
10737,2023-04-08,Shirt,Electronics,4,41481,Islamabad
10738,2023-04-15,Laptop,Electronics,4,35751,Karachi
10739,2023-04-09,Shirt,Electronics,1,34072,Lahore
10740,2023-11-07,Bag,Electronics,4,17028,Peshawar
10741,2023-01-06,Bag,Electronics,2,28842,Peshawar
10742,2023-07-16,Phone,Electronics,1,11931,Karachi
10743,2023-12-17,Shoes,Electronics,2,48332,Peshawar
10744,2023-05-13,Shoes,Fashion,4,19656,Islamabad
10745,2023-12-24,Shoes,Electronics,1,25443,Peshawar
10746,2023-09-16,Phone,Electronics,2,22934,Karachi
10747,2023-01-23,Bag,Fashion,4,46862,Karachi
10748,2023-02-22,Shirt,Electronics,4,39388,Islamabad
10749,2023-06-14,Phone,Electronics,3,33522,Peshawar
10750,2023-07-21,Phone,Fashion,4,23305,Peshawar
10751,2023-03-24,Shirt,Electronics,2,18930,Lahore
10752,2023-05-25,Shoes,Fashion,1,8512,Quetta
10753,2023-03-26,Laptop,Fashion,3,3766,Karachi
10754,2023-03-19,Shirt,Fashion,4,37145,Lahore
10755,2023-01-01,Bag,Fashion,4,20886,Karachi
10756,2023-02-20,Watch,Electronics,4,5615,Lahore
10757,2023-06-22,Watch,Fashion,2,42073,Quetta
10758,2023-07-24,Phone,Fashion,3,26727,Lahore
10759,2023-09-17,Watch,Electronics,2,15298,Karachi
10760,2023-10-15,Laptop,Fashion,3,4085,Peshawar
10761,2023-02-03,Shoes,Fashion,1,46003,Karachi
10762,2023-12-14,Bag,Fashion,2,41035,Islamabad
10763,2023-04-05,Laptop,Fashion,2,29575,Islamabad
10764,2023-03-13,Bag,Electronics,1,40316,Islamabad
10765,2023-02-08,Bag,Fashion,3,19503,Islamabad
10766,2023-06-03,Shoes,Electronics,4,3781,Quetta
10767,2023-09-07,Phone,Electronics,1,26119,Peshawar
10768,2023-06-11,Watch,Fashion,4,27686,Peshawar
10769,2023-04-28,Shoes,Fashion,4,49824,Karachi
10770,2023-09-16,Laptop,Fashion,1,42392,Lahore
10771,2023-11-02,Phone,Fashion,3,37621,Karachi
10772,2023-09-25,Laptop,Electronics,4,39950,Karachi
10773,2023-02-23,Phone,Electronics,1,36870,Karachi
10774,2023-08-24,Laptop,Electronics,2,5729,Karachi
10775,2023-08-10,Shoes,Fashion,2,27810,Peshawar
10776,2023-09-08,Phone,Electronics,2,30428,Lahore
10777,2023-11-09,Phone,Fashion,1,12378,Karachi
10778,2023-04-22,Bag,Fashion,2,8517,Peshawar
10779,2023-09-12,Bag,Fashion,4,34865,Karachi
10780,2023-10-30,Shirt,Fashion,2,9063,Islamabad
10781,2023-07-26,Laptop,Fashion,2,48652,Karachi
10782,2023-08-17,Bag,Electronics,4,37392,Karachi
10783,2023-12-07,Shirt,Electronics,2,25109,Quetta
10784,2023-03-07,Bag,Fashion,4,27775,Islamabad
10785,2023-03-16,Laptop,Electronics,2,36275,Lahore
10786,2023-04-13,Phone,Fashion,4,6831,Karachi
10787,2023-07-11,Watch,Fashion,2,40663,Lahore
10788,2023-09-09,Laptop,Fashion,4,11432,Islamabad
10789,2023-08-14,Shoes,Electronics,1,19277,Karachi
10790,2023-10-21,Bag,Fashion,4,23818,Quetta
10791,2023-11-02,Bag,Fashion,2,3011,Peshawar
10792,2023-04-08,Phone,Electronics,2,18899,Quetta
10793,2023-12-04,Shoes,Electronics,3,49502,Quetta
10794,2023-10-13,Phone,Electronics,4,15294,Peshawar
10795,2023-12-01,Shoes,Fashion,1,5051,Peshawar
10796,2023-12-13,Watch,Fashion,4,40966,Peshawar
10797,2023-11-04,Bag,Electronics,4,28433,Karachi
10798,2023-09-06,Bag,Fashion,1,21773,Lahore
10799,2023-06-15,Watch,Electronics,4,48985,Lahore
10800,2023-12-01,Shirt,Electronics,1,40970,Peshawar
10801,2023-01-30,Phone,Fashion,1,5665,Quetta
10802,2023-09-04,Watch,Fashion,4,22921,Islamabad
10803,2023-04-16,Phone,Electronics,4,25594,Peshawar
10804,2023-02-20,Laptop,Electronics,2,34041,Quetta
10805,2023-03-22,Bag,Electronics,2,8724,Quetta
10806,2023-05-13,Phone,Electronics,3,47262,Karachi
10807,2023-10-12,Shoes,Fashion,3,46124,Karachi
10808,2023-05-18,Phone,Electronics,4,935,Lahore
10809,2023-07-03,Laptop,Electronics,1,18746,Lahore
10810,2023-11-26,Bag,Electronics,3,11924,Islamabad
10811,2023-09-30,Watch,Fashion,4,37435,Islamabad
10812,2023-12-06,Laptop,Fashion,3,3915,Islamabad
10813,2023-03-10,Bag,Electronics,1,49498,Islamabad
10814,2023-02-03,Phone,Fashion,4,2529,Quetta
10815,2023-09-19,Shirt,Fashion,1,42050,Quetta
10816,2023-02-22,Shirt,Fashion,4,41986,Lahore
10817,2023-07-24,Shoes,Electronics,3,44498,Karachi
10818,2023-05-06,Bag,Electronics,2,2707,Karachi
10819,2023-08-23,Shirt,Fashion,3,25750,Peshawar
10820,2023-02-12,Watch,Electronics,3,38798,Quetta
10821,2023-08-28,Bag,Electronics,2,32453,Islamabad
10822,2023-04-21,Watch,Fashion,2,36890,Islamabad
10823,2023-09-06,Watch,Fashion,4,12091,Peshawar
10824,2023-05-31,Shirt,Electronics,4,21268,Karachi
10825,2023-07-02,Bag,Fashion,1,31199,Islamabad
10826,2023-12-02,Phone,Electronics,1,39485,Karachi
10827,2023-04-05,Laptop,Electronics,3,36019,Peshawar
10828,2023-01-08,Shirt,Fashion,2,31516,Karachi
10829,2023-12-26,Shirt,Electronics,1,5680,Karachi
10830,2023-07-03,Phone,Electronics,3,7154,Karachi
10831,2023-10-08,Bag,Fashion,2,24190,Islamabad
10832,2023-07-14,Bag,Fashion,4,40487,Lahore
10833,2023-12-18,Watch,Fashion,3,15923,Quetta
10834,2023-07-14,Phone,Electronics,4,46115,Karachi
10835,2023-06-04,Phone,Fashion,1,37441,Karachi
10836,2023-04-03,Bag,Fashion,1,15439,Karachi
10837,2023-06-09,Watch,Fashion,2,3591,Lahore
10838,2023-03-02,Shirt,Fashion,3,806,Peshawar
10839,2023-05-02,Shoes,Electronics,4,32057,Islamabad
10840,2023-02-20,Laptop,Electronics,2,15828,Lahore
10841,2023-10-04,Shirt,Fashion,1,7097,Karachi
10842,2023-01-05,Bag,Electronics,1,38101,Lahore
10843,2023-04-02,Laptop,Fashion,3,38623,Lahore
10844,2023-06-19,Shoes,Fashion,4,25263,Lahore
10845,2023-11-13,Shoes,Electronics,3,17818,Peshawar
10846,2023-01-22,Watch,Electronics,4,22072,Quetta
10847,2023-11-22,Laptop,Fashion,4,18331,Islamabad
10848,2023-01-01,Watch,Fashion,3,39719,Peshawar
10849,2023-05-13,Shirt,Electronics,2,12226,Peshawar
10850,2023-08-21,Phone,Fashion,3,23695,Quetta
10851,2023-01-12,Phone,Electronics,3,40733,Peshawar
10852,2023-12-12,Phone,Fashion,1,12218,Lahore
10853,2023-02-15,Laptop,Fashion,1,3417,Lahore
10854,2023-02-03,Phone,Electronics,3,45080,Karachi
10855,2023-03-19,Shirt,Electronics,3,44215,Peshawar
10856,2023-08-06,Watch,Electronics,1,43258,Karachi
10857,2023-10-28,Laptop,Electronics,4,47731,Islamabad
10858,2023-03-14,Watch,Electronics,3,49416,Lahore
10859,2023-10-09,Laptop,Electronics,2,39928,Islamabad
10860,2023-09-06,Watch,Electronics,2,15604,Quetta
10861,2023-02-16,Shoes,Fashion,2,3157,Lahore
10862,2023-05-01,Watch,Fashion,3,26760,Islamabad
10863,2023-08-02,Phone,Fashion,4,37296,Quetta
10864,2023-08-27,Shoes,Electronics,4,502,Islamabad
10865,2023-02-25,Watch,Electronics,1,8705,Quetta
10866,2023-12-16,Laptop,Electronics,3,15861,Quetta
10867,2023-04-17,Laptop,Fashion,4,27143,Lahore
10868,2023-11-15,Laptop,Electronics,3,33735,Karachi
10869,2023-02-17,Bag,Electronics,1,13879,Quetta
10870,2023-03-02,Shirt,Fashion,1,15255,Quetta
10871,2023-12-03,Laptop,Electronics,1,41078,Lahore
10872,2023-01-26,Shoes,Fashion,2,33232,Karachi
10873,2023-10-19,Laptop,Fashion,3,23951,Peshawar
10874,2023-09-14,Bag,Electronics,1,15466,Peshawar
10875,2023-01-08,Phone,Electronics,3,28508,Karachi
10876,2023-04-23,Shoes,Electronics,2,6671,Islamabad
10877,2023-12-21,Bag,Fashion,2,49831,Lahore
10878,2023-09-10,Phone,Fashion,1,14117,Karachi
10879,2023-06-29,Shoes,Fashion,1,39336,Peshawar
10880,2023-07-26,Watch,Electronics,4,4250,Quetta
10881,2023-10-30,Shirt,Electronics,3,45933,Peshawar
10882,2023-05-07,Shirt,Electronics,1,19523,Quetta
10883,2023-02-25,Bag,Electronics,4,4237,Lahore
10884,2023-08-02,Phone,Fashion,3,30092,Quetta
10885,2023-01-14,Shirt,Fashion,1,45104,Karachi
10886,2023-01-28,Phone,Fashion,4,29002,Quetta
10887,2023-03-19,Phone,Fashion,4,49704,Islamabad
10888,2023-08-04,Bag,Electronics,3,45021,Karachi
10889,2023-12-31,Bag,Electronics,4,13933,Lahore
10890,2023-06-03,Bag,Electronics,3,1481,Karachi
10891,2023-01-14,Shirt,Fashion,3,8254,Islamabad
10892,2023-07-06,Bag,Fashion,3,34335,Lahore
10893,2023-11-08,Shirt,Electronics,2,13539,Peshawar
10894,2023-01-07,Bag,Electronics,4,19222,Islamabad
10895,2023-01-03,Laptop,Fashion,3,24056,Lahore
10896,2023-04-21,Phone,Electronics,1,17364,Quetta
10897,2023-08-26,Bag,Fashion,2,44874,Karachi
10898,2023-12-29,Shoes,Fashion,2,3249,Lahore
10899,2023-08-27,Phone,Fashion,4,24760,Karachi
10900,2023-10-01,Phone,Electronics,3,40760,Quetta
10901,2023-10-21,Bag,Electronics,4,20628,Lahore
10902,2023-08-15,Watch,Fashion,2,49004,Peshawar
10903,2023-01-15,Bag,Electronics,3,1268,Islamabad
10904,2023-07-11,Phone,Fashion,1,45224,Lahore
10905,2023-04-29,Shoes,Fashion,3,35997,Quetta
10906,2023-01-28,Phone,Fashion,2,15132,Lahore
10907,2023-07-21,Shoes,Fashion,1,35394,Karachi
10908,2023-02-08,Shirt,Electronics,3,43927,Lahore
10909,2023-09-30,Laptop,Fashion,1,3616,Peshawar
10910,2023-08-19,Phone,Fashion,1,19851,Lahore
10911,2023-03-27,Bag,Electronics,2,30473,Islamabad
10912,2023-05-06,Shirt,Fashion,1,30370,Lahore
10913,2023-10-27,Laptop,Fashion,4,10486,Karachi
10914,2023-01-25,Bag,Electronics,2,36423,Lahore
10915,2023-05-25,Watch,Electronics,4,48880,Peshawar
10916,2023-01-13,Bag,Electronics,1,14257,Quetta
10917,2023-07-31,Shoes,Fashion,4,37979,Lahore
10918,2023-01-25,Shoes,Electronics,3,39620,Lahore
10919,2023-03-09,Watch,Electronics,1,49697,Islamabad
10920,2023-03-08,Shirt,Fashion,3,39232,Peshawar
10921,2023-08-21,Laptop,Fashion,4,3726,Quetta
10922,2023-04-19,Bag,Fashion,3,20500,Karachi
10923,2023-05-26,Shoes,Fashion,1,36743,Lahore
10924,2023-04-21,Shirt,Fashion,3,38365,Quetta
10925,2023-08-16,Watch,Electronics,4,16079,Karachi
10926,2023-04-21,Phone,Electronics,4,11629,Peshawar
10927,2023-02-03,Shoes,Electronics,4,16745,Peshawar
10928,2023-04-21,Watch,Fashion,1,26524,Quetta
10929,2023-09-21,Bag,Fashion,4,13482,Karachi
10930,2023-08-24,Laptop,Fashion,1,4125,Peshawar
10931,2023-03-24,Shoes,Electronics,3,43326,Quetta
10932,2023-02-11,Shoes,Electronics,4,13944,Peshawar
10933,2023-04-11,Bag,Fashion,3,4275,Peshawar
10934,2023-01-06,Phone,Electronics,2,30619,Peshawar
10935,2023-06-29,Shirt,Fashion,3,9274,Islamabad
10936,2023-10-09,Laptop,Electronics,2,3543,Karachi
10937,2023-11-16,Shoes,Electronics,3,21495,Quetta
10938,2023-08-14,Laptop,Electronics,1,10825,Quetta
10939,2023-11-11,Shoes,Fashion,3,33561,Karachi
10940,2023-12-31,Laptop,Electronics,1,41215,Karachi
10941,2023-08-17,Watch,Electronics,1,44648,Karachi
10942,2023-10-16,Shoes,Fashion,4,31451,Karachi
10943,2023-05-30,Laptop,Electronics,1,18296,Lahore
10944,2023-10-04,Shirt,Fashion,2,46709,Quetta
10945,2023-07-17,Watch,Fashion,4,14354,Lahore
10946,2023-03-11,Watch,Fashion,4,14121,Peshawar
10947,2023-04-22,Shirt,Fashion,3,46236,Peshawar
10948,2023-01-04,Laptop,Fashion,1,5824,Quetta
10949,2023-12-16,Bag,Electronics,1,28790,Peshawar
10950,2023-11-27,Shirt,Fashion,2,1507,Karachi
10951,2023-11-14,Laptop,Fashion,3,8132,Lahore
10952,2023-12-16,Shirt,Fashion,3,47440,Karachi
10953,2023-04-05,Shirt,Fashion,4,17894,Peshawar
10954,2023-06-01,Shoes,Electronics,4,19981,Lahore
10955,2023-11-07,Laptop,Fashion,4,20856,Karachi
10956,2023-05-17,Bag,Electronics,2,40262,Quetta
10957,2023-09-04,Shoes,Fashion,2,29516,Karachi
10958,2023-08-31,Shirt,Electronics,4,49803,Peshawar
10959,2023-01-31,Phone,Fashion,3,44454,Lahore
10960,2023-02-09,Shirt,Fashion,2,25852,Quetta
10961,2023-08-17,Shirt,Electronics,3,13026,Lahore
10962,2023-02-05,Laptop,Fashion,3,33865,Quetta
10963,2023-08-11,Laptop,Electronics,1,14490,Lahore
10964,2023-01-06,Shoes,Fashion,4,38967,Peshawar
10965,2023-11-18,Bag,Electronics,1,22039,Quetta
10966,2023-08-08,Shoes,Fashion,4,27407,Islamabad
10967,2023-03-16,Watch,Fashion,4,30928,Lahore
10968,2023-01-04,Shirt,Electronics,3,28613,Lahore
10969,2023-12-01,Phone,Fashion,4,24602,Karachi
10970,2023-05-14,Shirt,Fashion,3,30163,Quetta
10971,2023-04-28,Shirt,Fashion,3,22586,Islamabad
10972,2023-04-04,Shoes,Fashion,4,46377,Peshawar
10973,2023-03-03,Phone,Fashion,3,38358,Karachi
10974,2023-07-13,Phone,Fashion,3,31792,Islamabad
10975,2023-12-01,Phone,Electronics,3,38484,Quetta
10976,2023-07-22,Shoes,Electronics,2,16058,Islamabad
10977,2023-01-26,Shirt,Electronics,3,35116,Lahore
10978,2023-06-22,Shoes,Fashion,2,17332,Lahore
10979,2023-10-27,Laptop,Electronics,2,10848,Karachi
10980,2023-05-13,Laptop,Fashion,3,10614,Quetta
10981,2023-11-22,Shoes,Fashion,3,22838,Quetta
10982,2023-04-28,Phone,Fashion,2,8795,Islamabad
10983,2023-11-20,Shirt,Fashion,2,8170,Karachi
10984,2023-10-02,Shoes,Electronics,3,27865,Quetta
10985,2023-07-31,Shoes,Fashion,3,41762,Lahore
10986,2023-08-13,Shoes,Electronics,4,30861,Islamabad
10987,2023-01-20,Watch,Fashion,2,16798,Peshawar
10988,2023-04-23,Laptop,Electronics,2,15223,Lahore
10989,2023-05-20,Phone,Electronics,4,35244,Karachi
10990,2023-02-16,Bag,Electronics,2,25716,Quetta
10991,2023-01-01,Phone,Electronics,1,37246,Lahore
10992,2023-03-31,Bag,Electronics,2,11282,Peshawar
10993,2023-05-22,Watch,Electronics,4,24933,Peshawar
10994,2023-11-16,Shoes,Fashion,1,33442,Karachi
10995,2023-02-07,Watch,Electronics,3,31431,Lahore
10996,2023-10-20,Watch,Fashion,4,46198,Islamabad
10997,2023-05-19,Shirt,Electronics,4,26228,Lahore
10998,2023-12-22,Laptop,Fashion,3,31656,Peshawar
10999,2023-11-29,Bag,Electronics,4,22069,Karachi
11000,2023-09-16,Shoes,Electronics,2,21976,Karachi
11001,2023-06-10,Bag,Fashion,3,9049,Islamabad
11002,2023-06-27,Phone,Electronics,4,24618,Karachi
11003,2023-01-10,Bag,Electronics,3,5770,Karachi
11004,2023-09-18,Phone,Electronics,3,24199,Karachi
11005,2023-05-18,Laptop,Fashion,3,39435,Karachi
11006,2023-06-21,Phone,Electronics,1,12816,Karachi
11007,2023-01-13,Bag,Fashion,4,38985,Peshawar
11008,2023-06-17,Bag,Electronics,1,7937,Lahore
11009,2023-05-10,Phone,Electronics,4,49455,Quetta
11010,2023-03-25,Watch,Fashion,2,47399,Karachi
11011,2023-11-17,Laptop,Electronics,2,19259,Quetta
11012,2023-11-15,Shirt,Electronics,2,41366,Quetta
11013,2023-04-11,Shoes,Fashion,4,36977,Peshawar
11014,2023-11-25,Bag,Electronics,3,21660,Karachi
11015,2023-09-30,Shoes,Fashion,3,17206,Quetta
11016,2023-09-22,Shirt,Fashion,1,46389,Karachi
11017,2023-02-07,Shoes,Fashion,1,8820,Islamabad
11018,2023-04-04,Shirt,Electronics,2,37761,Islamabad
11019,2023-04-05,Phone,Fashion,1,49595,Islamabad
11020,2023-11-01,Watch,Fashion,4,28462,Quetta
11021,2023-03-10,Bag,Electronics,4,28358,Islamabad
11022,2023-11-14,Shirt,Fashion,1,21882,Peshawar
11023,2023-08-24,Shoes,Electronics,1,41268,Peshawar
11024,2023-11-30,Bag,Electronics,1,21220,Quetta
11025,2023-05-17,Watch,Electronics,1,19890,Karachi
11026,2023-03-17,Phone,Electronics,2,28012,Lahore
11027,2023-02-04,Bag,Fashion,2,47474,Karachi
11028,2023-01-01,Shirt,Fashion,1,43007,Karachi
11029,2023-10-23,Watch,Fashion,4,34912,Karachi
11030,2023-11-16,Shoes,Fashion,2,49670,Karachi
11031,2023-03-01,Watch,Fashion,4,36260,Lahore
11032,2023-11-16,Watch,Electronics,3,19256,Islamabad
11033,2023-12-15,Laptop,Fashion,4,10772,Karachi
11034,2023-11-24,Watch,Fashion,1,14544,Peshawar
11035,2023-09-24,Watch,Fashion,3,6884,Quetta
11036,2023-12-27,Bag,Electronics,2,18029,Quetta
11037,2023-08-17,Shoes,Electronics,2,1170,Peshawar
11038,2023-09-27,Bag,Fashion,3,23006,Karachi
11039,2023-11-12,Bag,Electronics,4,34718,Lahore
11040,2023-10-13,Shirt,Fashion,2,45258,Islamabad
11041,2023-10-18,Bag,Fashion,1,3039,Quetta
11042,2023-08-01,Laptop,Electronics,3,29941,Islamabad
11043,2023-06-14,Laptop,Electronics,1,42963,Lahore
11044,2023-01-05,Shirt,Fashion,3,16401,Quetta
11045,2023-12-05,Phone,Fashion,2,7294,Islamabad
11046,2023-03-19,Shoes,Electronics,4,5951,Lahore
11047,2023-03-03,Shoes,Fashion,3,16478,Islamabad
11048,2023-05-12,Bag,Electronics,3,778,Karachi
11049,2023-03-30,Bag,Fashion,1,30740,Lahore
11050,2023-08-25,Phone,Electronics,2,33856,Islamabad
11051,2023-02-11,Bag,Fashion,1,29877,Karachi
11052,2023-03-30,Shoes,Fashion,2,26283,Karachi
11053,2023-10-23,Watch,Electronics,1,27545,Lahore
11054,2023-11-24,Laptop,Fashion,3,1602,Peshawar
11055,2023-10-22,Watch,Fashion,1,21765,Quetta
11056,2023-04-14,Watch,Electronics,4,16298,Lahore
11057,2023-01-14,Shoes,Fashion,2,21511,Karachi
11058,2023-10-15,Watch,Fashion,2,15967,Karachi
11059,2023-06-28,Phone,Fashion,3,14366,Lahore
11060,2023-05-05,Shirt,Electronics,2,39522,Peshawar
11061,2023-12-19,Bag,Electronics,4,35308,Quetta
11062,2023-01-23,Shirt,Electronics,1,43102,Islamabad
11063,2023-03-04,Laptop,Fashion,3,31313,Lahore
11064,2023-05-23,Bag,Fashion,4,7467,Quetta
11065,2023-06-02,Watch,Fashion,2,13590,Quetta
11066,2023-05-25,Laptop,Fashion,2,35462,Karachi
11067,2023-08-13,Bag,Electronics,4,38385,Islamabad
11068,2023-11-05,Phone,Fashion,1,9319,Lahore
11069,2023-04-14,Phone,Fashion,1,6410,Karachi
11070,2023-04-14,Phone,Fashion,3,36407,Karachi
11071,2023-02-08,Phone,Electronics,2,29731,Peshawar
11072,2023-07-17,Watch,Fashion,4,14844,Quetta
11073,2023-05-14,Shirt,Fashion,1,19967,Lahore
11074,2023-03-08,Bag,Fashion,3,18725,Lahore
11075,2023-06-28,Watch,Fashion,2,6478,Lahore
11076,2023-02-11,Phone,Fashion,2,19249,Karachi
11077,2023-01-15,Shirt,Electronics,3,42233,Peshawar
11078,2023-04-21,Laptop,Fashion,3,11522,Islamabad
11079,2023-06-06,Laptop,Fashion,1,28026,Karachi
11080,2023-10-16,Laptop,Fashion,4,37779,Islamabad
11081,2023-08-19,Phone,Fashion,2,33271,Peshawar
11082,2023-06-06,Laptop,Fashion,4,13280,Quetta
11083,2023-02-07,Shoes,Fashion,2,27401,Lahore
11084,2023-04-07,Bag,Fashion,2,37031,Islamabad
11085,2023-10-16,Bag,Fashion,4,24114,Karachi
11086,2023-09-11,Phone,Fashion,3,49339,Islamabad
11087,2023-07-15,Shoes,Fashion,1,31036,Quetta
11088,2023-03-27,Watch,Electronics,2,14436,Lahore
11089,2023-11-18,Watch,Electronics,3,22300,Islamabad
11090,2023-01-10,Laptop,Electronics,2,5570,Quetta
11091,2023-01-05,Shirt,Electronics,1,30959,Karachi
11092,2023-05-03,Watch,Fashion,2,15053,Peshawar
11093,2023-11-26,Shirt,Electronics,1,39144,Karachi
11094,2023-12-19,Bag,Electronics,1,38607,Lahore
11095,2023-04-28,Shirt,Fashion,2,27533,Karachi
11096,2023-10-21,Bag,Electronics,2,26057,Karachi
11097,2023-06-08,Shoes,Electronics,1,6623,Karachi
11098,2023-10-30,Shoes,Fashion,3,21487,Karachi
11099,2023-08-16,Phone,Fashion,4,47861,Lahore
11100,2023-12-31,Phone,Fashion,1,31269,Quetta
11101,2023-08-04,Laptop,Electronics,2,45741,Islamabad
11102,2023-07-03,Watch,Electronics,2,23090,Peshawar
11103,2023-01-15,Laptop,Fashion,3,29761,Islamabad
11104,2023-06-06,Bag,Fashion,4,13519,Islamabad
11105,2023-05-16,Laptop,Electronics,1,14557,Peshawar
11106,2023-09-18,Shirt,Fashion,1,2164,Lahore
11107,2023-06-06,Bag,Electronics,4,38183,Peshawar
11108,2023-02-16,Phone,Fashion,1,10666,Lahore
11109,2023-11-20,Shoes,Fashion,4,33185,Islamabad
11110,2023-11-28,Phone,Electronics,2,31628,Lahore
11111,2023-06-22,Watch,Fashion,4,6230,Quetta
11112,2023-05-10,Bag,Fashion,1,40287,Peshawar
11113,2023-04-05,Bag,Fashion,4,2142,Quetta
11114,2023-04-25,Shirt,Electronics,3,4698,Islamabad
11115,2023-08-31,Watch,Fashion,2,43082,Peshawar
11116,2023-10-19,Shoes,Fashion,2,32986,Islamabad
11117,2023-10-09,Bag,Fashion,4,33577,Quetta
11118,2023-10-26,Bag,Fashion,1,48725,Islamabad
11119,2023-10-10,Shirt,Fashion,3,28816,Peshawar
11120,2023-03-10,Laptop,Fashion,2,12701,Peshawar
11121,2023-05-28,Shoes,Electronics,2,36118,Islamabad
11122,2023-01-11,Phone,Electronics,1,8161,Peshawar
11123,2023-09-11,Watch,Fashion,1,8709,Peshawar
11124,2023-11-26,Bag,Electronics,3,35471,Islamabad
11125,2023-12-26,Bag,Electronics,4,44914,Quetta
11126,2023-02-07,Phone,Fashion,1,17585,Peshawar
11127,2023-05-14,Shoes,Electronics,4,20905,Peshawar
11128,2023-07-19,Laptop,Electronics,3,7957,Peshawar
11129,2023-01-23,Bag,Electronics,4,11720,Peshawar
11130,2023-10-30,Shoes,Electronics,2,8277,Islamabad
11131,2023-12-12,Phone,Electronics,4,30211,Quetta
11132,2023-10-29,Shirt,Electronics,3,23142,Quetta
11133,2023-12-29,Laptop,Electronics,3,18745,Lahore
11134,2023-08-06,Watch,Electronics,3,24505,Peshawar
11135,2023-05-21,Bag,Fashion,4,11926,Peshawar
11136,2023-04-14,Shoes,Fashion,2,13990,Lahore
11137,2023-07-29,Shirt,Electronics,1,16992,Quetta
11138,2023-04-21,Watch,Electronics,2,46698,Karachi
11139,2023-04-14,Shoes,Fashion,4,9584,Karachi
11140,2023-11-12,Shoes,Electronics,4,5595,Quetta
11141,2023-06-20,Watch,Electronics,1,28581,Peshawar
11142,2023-12-22,Shirt,Fashion,4,11367,Karachi
11143,2023-11-20,Phone,Fashion,3,40266,Islamabad
11144,2023-05-13,Shirt,Fashion,3,6843,Islamabad
11145,2023-10-20,Laptop,Electronics,3,38039,Lahore
11146,2023-11-24,Bag,Electronics,3,48873,Quetta
11147,2023-05-07,Watch,Fashion,3,49576,Quetta
11148,2023-04-16,Phone,Fashion,4,26669,Karachi
11149,2023-04-02,Watch,Electronics,1,28652,Peshawar
11150,2023-10-14,Watch,Fashion,1,45872,Quetta
11151,2023-02-20,Shirt,Electronics,3,43830,Karachi
11152,2023-01-29,Bag,Electronics,4,29048,Karachi
11153,2023-10-23,Laptop,Fashion,2,10875,Quetta
11154,2023-10-24,Shoes,Fashion,2,3657,Karachi
11155,2023-08-02,Shoes,Electronics,4,3687,Lahore
11156,2023-09-24,Watch,Fashion,3,16635,Lahore
11157,2023-09-14,Bag,Fashion,1,1054,Quetta
11158,2023-10-29,Phone,Fashion,4,46662,Peshawar
11159,2023-04-11,Shirt,Fashion,2,23644,Lahore
11160,2023-12-12,Bag,Electronics,2,33555,Lahore
11161,2023-04-20,Bag,Electronics,2,41369,Quetta
11162,2023-07-01,Shirt,Electronics,3,15238,Islamabad
11163,2023-11-09,Watch,Electronics,2,42562,Karachi
11164,2023-01-01,Bag,Fashion,4,3227,Lahore
11165,2023-11-15,Shoes,Fashion,4,23247,Islamabad
11166,2023-02-24,Shirt,Electronics,2,45628,Peshawar
11167,2023-05-29,Phone,Electronics,4,11659,Islamabad
11168,2023-11-05,Laptop,Fashion,2,47664,Quetta
11169,2023-05-17,Watch,Electronics,2,3495,Peshawar
11170,2023-07-21,Shirt,Electronics,1,25489,Peshawar
11171,2023-11-09,Laptop,Fashion,3,945,Islamabad
11172,2023-04-27,Laptop,Electronics,3,34032,Quetta
11173,2023-06-03,Phone,Fashion,1,45822,Lahore
11174,2023-10-18,Bag,Fashion,1,38772,Islamabad
11175,2023-03-04,Phone,Electronics,3,13831,Lahore
11176,2023-09-01,Bag,Fashion,2,33222,Islamabad
11177,2023-01-25,Bag,Electronics,2,35685,Lahore
11178,2023-03-31,Shirt,Fashion,3,3932,Islamabad
11179,2023-03-16,Shirt,Electronics,2,32432,Peshawar
11180,2023-10-21,Watch,Electronics,1,12567,Karachi
11181,2023-07-29,Bag,Electronics,2,41125,Peshawar
11182,2023-12-13,Laptop,Fashion,2,13207,Lahore
11183,2023-01-17,Shoes,Fashion,4,12558,Quetta
11184,2023-05-08,Watch,Electronics,4,28766,Peshawar
11185,2023-12-30,Shirt,Fashion,4,43581,Karachi
11186,2023-09-08,Phone,Electronics,2,2681,Lahore
11187,2023-06-28,Watch,Electronics,3,9682,Peshawar
11188,2023-07-01,Watch,Fashion,1,8518,Islamabad
11189,2023-06-01,Watch,Electronics,2,28191,Quetta
11190,2023-01-25,Watch,Fashion,3,29213,Lahore
11191,2023-06-29,Shoes,Electronics,2,18927,Peshawar
11192,2023-07-17,Phone,Fashion,1,14519,Lahore
11193,2023-12-10,Phone,Electronics,2,11914,Islamabad
11194,2023-06-10,Phone,Electronics,1,33904,Karachi
11195,2023-06-26,Bag,Fashion,2,10124,Peshawar
11196,2023-10-12,Laptop,Electronics,1,43800,Lahore
11197,2023-03-04,Phone,Electronics,2,7535,Lahore
11198,2023-05-30,Watch,Fashion,1,1648,Lahore
11199,2023-06-03,Watch,Electronics,4,5165,Karachi
11200,2023-06-05,Phone,Fashion,2,22980,Lahore
11201,2023-02-18,Phone,Electronics,2,3507,Quetta
11202,2023-12-03,Watch,Fashion,3,33507,Quetta
11203,2023-03-25,Bag,Electronics,3,33040,Lahore
11204,2023-12-27,Shirt,Electronics,1,5766,Quetta
11205,2023-06-26,Shirt,Electronics,2,37222,Peshawar
11206,2023-05-28,Phone,Fashion,1,25192,Quetta
11207,2023-04-28,Shoes,Fashion,4,10209,Lahore
11208,2023-12-08,Phone,Fashion,3,35754,Islamabad
11209,2023-03-04,Phone,Fashion,1,35032,Peshawar
11210,2023-07-08,Shirt,Electronics,1,26605,Karachi
11211,2023-12-26,Watch,Electronics,3,36813,Lahore
11212,2023-02-18,Phone,Fashion,2,43269,Karachi
11213,2023-11-23,Watch,Fashion,1,7846,Islamabad
11214,2023-09-14,Watch,Fashion,3,12075,Karachi
11215,2023-08-12,Shoes,Electronics,2,40622,Lahore
11216,2023-05-21,Watch,Fashion,4,15696,Lahore
11217,2023-08-03,Shirt,Fashion,3,38053,Islamabad
11218,2023-07-30,Bag,Electronics,1,33961,Lahore
11219,2023-11-14,Bag,Electronics,4,3980,Islamabad
11220,2023-02-01,Laptop,Fashion,2,43554,Islamabad
11221,2023-06-07,Phone,Electronics,2,43639,Lahore
11222,2023-10-12,Shirt,Fashion,3,43548,Quetta
11223,2023-11-01,Watch,Electronics,3,2885,Islamabad
11224,2023-10-13,Bag,Fashion,3,22549,Lahore
11225,2023-05-24,Shirt,Fashion,2,14899,Quetta
11226,2023-01-19,Bag,Fashion,4,49148,Islamabad
11227,2023-01-18,Watch,Fashion,2,39407,Quetta
11228,2023-09-14,Bag,Electronics,1,48884,Peshawar
11229,2023-03-19,Phone,Electronics,2,47598,Peshawar
11230,2023-06-24,Phone,Electronics,1,43433,Quetta
11231,2023-07-13,Laptop,Electronics,4,40928,Islamabad
11232,2023-04-23,Laptop,Fashion,3,4090,Lahore
11233,2023-04-24,Bag,Fashion,3,19173,Karachi
11234,2023-08-10,Shirt,Electronics,2,36963,Lahore
11235,2023-06-15,Phone,Electronics,3,14649,Karachi
11236,2023-11-15,Shirt,Electronics,4,18359,Karachi
11237,2023-05-12,Shirt,Electronics,3,19890,Islamabad
11238,2023-09-21,Bag,Electronics,2,10079,Quetta
11239,2023-02-24,Shirt,Fashion,4,20416,Lahore
11240,2023-12-25,Phone,Fashion,1,26283,Quetta
11241,2023-05-11,Watch,Fashion,2,28424,Peshawar
11242,2023-10-15,Laptop,Electronics,1,24724,Islamabad
11243,2023-09-23,Watch,Electronics,4,38276,Islamabad
11244,2023-06-11,Shirt,Electronics,2,20345,Peshawar
11245,2023-03-28,Watch,Electronics,2,46805,Lahore
11246,2023-02-24,Phone,Fashion,4,23890,Peshawar
11247,2023-10-15,Phone,Fashion,3,26856,Lahore
11248,2023-06-27,Shirt,Electronics,2,2933,Karachi
11249,2023-12-15,Bag,Fashion,2,5385,Islamabad
11250,2023-01-08,Watch,Fashion,1,9689,Lahore
11251,2023-11-17,Bag,Electronics,3,47576,Quetta
11252,2023-11-09,Bag,Electronics,1,14216,Quetta
11253,2023-09-04,Shoes,Electronics,1,7745,Islamabad
11254,2023-11-19,Shirt,Electronics,3,44886,Peshawar
11255,2023-09-12,Laptop,Electronics,3,29250,Peshawar
11256,2023-11-24,Phone,Electronics,4,10989,Lahore
11257,2023-02-23,Phone,Fashion,3,30386,Peshawar
11258,2023-09-06,Shirt,Fashion,2,37645,Islamabad
11259,2023-08-27,Laptop,Electronics,3,16094,Lahore
11260,2023-08-17,Phone,Fashion,4,35603,Karachi
11261,2023-03-08,Shirt,Electronics,4,46479,Peshawar
11262,2023-02-20,Phone,Electronics,4,24762,Peshawar
11263,2023-04-07,Bag,Electronics,3,39236,Lahore
11264,2023-04-02,Watch,Electronics,3,26739,Quetta
11265,2023-09-21,Watch,Fashion,1,17305,Peshawar
11266,2023-10-18,Phone,Electronics,1,33030,Islamabad
11267,2023-04-06,Shoes,Fashion,2,7877,Peshawar
11268,2023-03-29,Laptop,Electronics,1,28415,Karachi
11269,2023-03-19,Laptop,Electronics,2,47717,Peshawar
11270,2023-10-15,Laptop,Electronics,4,27073,Quetta
11271,2023-04-30,Bag,Fashion,1,18416,Peshawar
11272,2023-10-29,Laptop,Electronics,3,27404,Lahore
11273,2023-06-14,Watch,Electronics,1,36403,Peshawar
11274,2023-07-01,Bag,Electronics,2,30622,Quetta
11275,2023-08-11,Shirt,Fashion,1,22440,Lahore
11276,2023-11-07,Laptop,Fashion,4,19930,Islamabad
11277,2023-01-07,Laptop,Fashion,3,13503,Lahore
11278,2023-11-26,Shirt,Electronics,2,14616,Karachi
11279,2023-09-20,Laptop,Fashion,3,19191,Lahore
11280,2023-06-10,Shirt,Electronics,3,8059,Islamabad
11281,2023-05-31,Bag,Fashion,2,32032,Peshawar
11282,2023-03-26,Watch,Fashion,3,30654,Lahore
11283,2023-05-27,Shirt,Electronics,3,36801,Lahore
11284,2023-04-22,Shoes,Fashion,1,3485,Lahore
11285,2023-02-05,Shirt,Electronics,3,33790,Lahore
11286,2023-10-12,Laptop,Electronics,3,10467,Islamabad
11287,2023-07-07,Bag,Fashion,3,46605,Quetta
11288,2023-03-23,Phone,Electronics,3,33432,Quetta
11289,2023-01-02,Bag,Electronics,2,19742,Lahore
11290,2023-10-30,Phone,Fashion,4,10889,Islamabad
11291,2023-07-16,Shirt,Fashion,1,35368,Islamabad
11292,2023-01-11,Watch,Electronics,3,21050,Lahore
11293,2023-08-22,Shoes,Fashion,3,25663,Karachi
11294,2023-07-14,Bag,Electronics,2,39749,Lahore
11295,2023-04-29,Laptop,Electronics,4,36504,Karachi
11296,2023-01-20,Phone,Fashion,3,33091,Lahore
11297,2023-09-18,Laptop,Fashion,2,39165,Karachi
11298,2023-10-20,Watch,Fashion,1,47763,Karachi
11299,2023-09-13,Phone,Fashion,1,450,Lahore
11300,2023-08-10,Bag,Electronics,3,18412,Karachi
11301,2023-08-14,Shirt,Electronics,3,24227,Peshawar
11302,2023-02-22,Laptop,Fashion,4,28953,Quetta
11303,2023-12-21,Watch,Fashion,4,37600,Islamabad
11304,2023-12-08,Bag,Electronics,3,33885,Karachi
11305,2023-12-30,Bag,Electronics,2,18710,Karachi
11306,2023-10-07,Bag,Electronics,4,23690,Islamabad
11307,2023-03-22,Bag,Electronics,3,29543,Karachi
11308,2023-07-21,Phone,Fashion,4,48097,Islamabad
11309,2023-06-07,Bag,Electronics,3,7270,Lahore
11310,2023-04-30,Laptop,Electronics,1,13403,Peshawar
11311,2023-02-28,Watch,Fashion,3,6307,Peshawar
11312,2023-08-03,Phone,Electronics,1,12416,Quetta
11313,2023-05-08,Bag,Electronics,4,35287,Karachi
11314,2023-08-12,Shoes,Fashion,3,6340,Quetta
11315,2023-07-28,Shoes,Fashion,4,1993,Lahore
11316,2023-04-25,Watch,Fashion,1,13853,Peshawar
11317,2023-07-28,Shirt,Electronics,3,38190,Lahore
11318,2023-01-14,Shirt,Electronics,4,11332,Lahore
11319,2023-01-09,Phone,Fashion,1,17609,Karachi
11320,2023-02-09,Phone,Fashion,4,3217,Lahore
11321,2023-08-25,Phone,Electronics,2,37029,Peshawar
11322,2023-10-08,Shirt,Fashion,1,48391,Quetta
11323,2023-12-25,Shoes,Fashion,1,4142,Peshawar
11324,2023-07-20,Shirt,Fashion,1,37301,Karachi
11325,2023-09-03,Laptop,Electronics,3,26846,Peshawar
11326,2023-10-05,Bag,Electronics,3,14116,Islamabad
11327,2023-08-23,Phone,Electronics,3,25122,Quetta
11328,2023-01-04,Shoes,Electronics,2,35526,Islamabad
11329,2023-06-03,Watch,Electronics,2,28038,Islamabad
11330,2023-01-29,Watch,Electronics,1,43778,Karachi
11331,2023-04-19,Bag,Fashion,2,35812,Lahore
11332,2023-04-08,Shoes,Electronics,4,40078,Islamabad
11333,2023-08-03,Shirt,Electronics,1,8887,Peshawar
11334,2023-10-20,Shirt,Fashion,1,2086,Lahore
11335,2023-03-16,Laptop,Electronics,4,11042,Peshawar
11336,2023-11-22,Laptop,Electronics,1,17558,Peshawar
11337,2023-05-26,Shirt,Fashion,2,12261,Lahore
11338,2023-05-08,Watch,Fashion,3,20789,Lahore
11339,2023-12-07,Phone,Fashion,4,29263,Peshawar
11340,2023-02-11,Watch,Electronics,2,35875,Karachi
11341,2023-12-22,Laptop,Fashion,4,33837,Quetta
11342,2023-02-10,Bag,Electronics,4,8872,Quetta
11343,2023-02-03,Shirt,Electronics,1,35692,Karachi
11344,2023-01-17,Laptop,Electronics,1,1311,Lahore
11345,2023-06-14,Laptop,Electronics,2,329,Peshawar
11346,2023-06-02,Phone,Fashion,4,48642,Quetta
11347,2023-03-17,Shirt,Fashion,1,14445,Peshawar
11348,2023-03-28,Phone,Electronics,1,36053,Karachi
11349,2023-04-27,Shirt,Fashion,4,31919,Peshawar
11350,2023-12-28,Phone,Electronics,2,47879,Karachi
11351,2023-12-08,Watch,Electronics,2,16985,Lahore
11352,2023-01-27,Bag,Electronics,4,26808,Karachi
11353,2023-11-09,Bag,Fashion,2,148,Karachi
11354,2023-10-14,Shirt,Electronics,1,20050,Quetta
11355,2023-05-14,Shoes,Electronics,4,15273,Peshawar
11356,2023-08-07,Laptop,Fashion,1,49638,Quetta
11357,2023-06-17,Laptop,Fashion,3,33837,Islamabad
11358,2023-04-08,Shirt,Fashion,3,28136,Karachi
11359,2023-09-25,Phone,Fashion,2,47421,Islamabad
11360,2023-08-25,Shoes,Electronics,3,5920,Quetta
11361,2023-11-05,Watch,Fashion,1,14392,Peshawar
11362,2023-06-22,Phone,Electronics,3,3152,Quetta
11363,2023-07-09,Phone,Fashion,1,44477,Peshawar
11364,2023-05-02,Shirt,Fashion,2,23881,Peshawar
11365,2023-02-15,Shirt,Fashion,2,2402,Lahore
11366,2023-03-05,Laptop,Fashion,1,2383,Karachi
11367,2023-05-10,Shirt,Fashion,3,48253,Quetta
11368,2023-11-06,Shirt,Fashion,2,42667,Peshawar
11369,2023-12-29,Shirt,Electronics,4,15720,Quetta
11370,2023-07-12,Laptop,Fashion,2,30561,Quetta
11371,2023-11-03,Watch,Fashion,3,20850,Peshawar
11372,2023-06-30,Watch,Fashion,4,32990,Islamabad
11373,2023-10-19,Shirt,Fashion,3,23283,Karachi
11374,2023-10-09,Laptop,Electronics,1,9572,Karachi
11375,2023-01-29,Watch,Fashion,4,3827,Lahore
11376,2023-05-29,Phone,Fashion,3,46600,Lahore
11377,2023-09-24,Watch,Fashion,4,25623,Lahore
11378,2023-10-23,Watch,Fashion,3,30866,Karachi
11379,2023-01-11,Laptop,Electronics,4,37826,Islamabad
11380,2023-06-13,Phone,Fashion,3,624,Karachi
11381,2023-04-23,Laptop,Electronics,1,9179,Karachi
11382,2023-07-06,Shirt,Fashion,4,8499,Karachi
11383,2023-10-22,Bag,Electronics,4,27470,Karachi
11384,2023-08-20,Watch,Electronics,4,16632,Islamabad
11385,2023-08-15,Bag,Fashion,4,16921,Lahore
11386,2023-11-06,Laptop,Fashion,1,43262,Quetta
11387,2023-04-08,Laptop,Electronics,4,3849,Lahore
11388,2023-02-24,Laptop,Electronics,2,11453,Lahore
11389,2023-04-21,Bag,Fashion,1,46877,Quetta
11390,2023-06-01,Laptop,Electronics,2,28577,Karachi
11391,2023-09-03,Shirt,Electronics,4,24670,Islamabad
11392,2023-03-10,Laptop,Electronics,3,20937,Islamabad
11393,2023-11-08,Shoes,Fashion,2,11537,Lahore
11394,2023-10-16,Bag,Electronics,4,38204,Quetta
11395,2023-09-07,Shoes,Electronics,2,4651,Peshawar
11396,2023-02-05,Laptop,Electronics,4,2923,Karachi
11397,2023-08-27,Shirt,Fashion,4,13016,Lahore
11398,2023-05-28,Watch,Fashion,4,15267,Islamabad
11399,2023-08-15,Phone,Electronics,3,41545,Quetta
11400,2023-09-01,Phone,Fashion,2,47736,Quetta
11401,2023-12-03,Laptop,Electronics,1,8491,Lahore
11402,2023-12-31,Shirt,Fashion,1,12758,Peshawar
11403,2023-07-20,Bag,Fashion,1,29785,Islamabad
11404,2023-06-03,Shoes,Electronics,1,23480,Lahore
11405,2023-03-14,Shoes,Fashion,4,42531,Peshawar
11406,2023-07-20,Shoes,Fashion,2,29019,Quetta
11407,2023-10-23,Bag,Fashion,2,2411,Karachi
11408,2023-01-17,Phone,Electronics,3,40093,Islamabad
11409,2023-05-09,Shirt,Fashion,2,44433,Islamabad
11410,2023-08-05,Bag,Fashion,2,43138,Peshawar
11411,2023-03-02,Shoes,Electronics,2,13660,Lahore
11412,2023-04-14,Laptop,Fashion,3,49856,Quetta
11413,2023-02-11,Watch,Fashion,1,48833,Peshawar
11414,2023-01-25,Bag,Fashion,2,38653,Karachi
11415,2023-02-08,Bag,Fashion,3,26093,Karachi
11416,2023-10-18,Shirt,Fashion,3,30592,Karachi
11417,2023-05-11,Shirt,Electronics,4,21081,Peshawar
11418,2023-08-17,Bag,Electronics,3,24243,Quetta
11419,2023-04-18,Shoes,Fashion,1,12167,Islamabad
11420,2023-06-21,Watch,Fashion,2,24016,Lahore
11421,2023-04-12,Shirt,Fashion,3,41608,Islamabad
11422,2023-12-20,Shoes,Electronics,1,46521,Quetta
11423,2023-01-12,Laptop,Electronics,3,3915,Islamabad
11424,2023-10-02,Shirt,Fashion,3,31936,Peshawar
11425,2023-04-11,Shoes,Fashion,3,37577,Karachi
11426,2023-02-13,Shoes,Electronics,3,37375,Quetta
11427,2023-11-01,Watch,Fashion,3,39443,Quetta
11428,2023-01-17,Watch,Electronics,1,4873,Islamabad
11429,2023-11-26,Laptop,Electronics,2,12546,Peshawar
11430,2023-02-26,Shoes,Fashion,2,30833,Islamabad
11431,2023-11-07,Phone,Electronics,2,10564,Islamabad
11432,2023-10-30,Shoes,Fashion,2,48732,Quetta
11433,2023-01-12,Watch,Fashion,1,21676,Islamabad
11434,2023-11-14,Phone,Fashion,4,3420,Karachi
11435,2023-03-21,Shirt,Fashion,4,10850,Islamabad
11436,2023-08-04,Shirt,Fashion,1,37566,Karachi
11437,2023-12-05,Bag,Fashion,1,26672,Quetta
11438,2023-09-21,Watch,Electronics,3,18048,Peshawar
11439,2023-05-29,Bag,Electronics,3,38926,Karachi
11440,2023-03-22,Phone,Electronics,3,23615,Peshawar
11441,2023-08-03,Watch,Electronics,2,27967,Peshawar
11442,2023-07-17,Laptop,Fashion,3,826,Karachi
11443,2023-07-19,Shoes,Electronics,4,25920,Quetta
11444,2023-01-25,Laptop,Electronics,2,6797,Lahore
11445,2023-03-30,Phone,Electronics,3,44778,Peshawar
11446,2023-09-25,Watch,Fashion,2,42125,Peshawar
11447,2023-05-23,Phone,Electronics,4,13063,Quetta
11448,2023-02-28,Shoes,Fashion,3,49534,Quetta
11449,2023-12-31,Shirt,Electronics,4,1181,Islamabad
11450,2023-01-26,Shirt,Fashion,4,20369,Quetta
11451,2023-02-16,Phone,Fashion,4,10876,Peshawar
11452,2023-10-15,Bag,Electronics,3,31916,Karachi
11453,2023-09-23,Watch,Fashion,1,14296,Lahore
11454,2023-01-16,Watch,Fashion,3,42212,Islamabad
11455,2023-07-18,Shirt,Electronics,4,16058,Karachi
11456,2023-10-09,Laptop,Electronics,3,23469,Lahore
11457,2023-03-27,Shoes,Electronics,4,11789,Lahore
11458,2023-09-07,Laptop,Fashion,1,17431,Lahore
11459,2023-09-27,Laptop,Fashion,2,37628,Karachi
11460,2023-12-01,Phone,Fashion,1,13536,Islamabad
11461,2023-04-27,Shirt,Electronics,1,166,Islamabad
11462,2023-01-07,Shirt,Fashion,2,30825,Lahore
11463,2023-05-17,Shirt,Fashion,3,25312,Karachi
11464,2023-06-25,Phone,Fashion,2,33432,Lahore
11465,2023-11-24,Bag,Fashion,3,25501,Quetta
11466,2023-11-11,Laptop,Fashion,3,13493,Islamabad
11467,2023-08-03,Phone,Fashion,4,3770,Peshawar
11468,2023-03-23,Watch,Fashion,4,25701,Lahore
11469,2023-08-11,Shoes,Electronics,2,2351,Quetta
11470,2023-04-13,Bag,Electronics,1,45817,Islamabad
11471,2023-09-30,Watch,Electronics,2,33672,Karachi
11472,2023-01-14,Laptop,Fashion,3,27127,Islamabad
11473,2023-06-08,Shirt,Fashion,4,31946,Karachi
11474,2023-06-01,Laptop,Electronics,2,21115,Karachi
11475,2023-04-18,Phone,Fashion,2,9683,Lahore
11476,2023-07-07,Shoes,Electronics,4,23204,Lahore
11477,2023-10-28,Phone,Fashion,4,12324,Islamabad
11478,2023-04-08,Bag,Fashion,4,38884,Quetta
11479,2023-05-11,Bag,Electronics,3,30936,Islamabad
11480,2023-10-20,Shoes,Electronics,4,29399,Peshawar
11481,2023-06-20,Watch,Electronics,1,13136,Karachi
11482,2023-07-02,Watch,Electronics,2,20033,Karachi
11483,2023-12-30,Bag,Electronics,4,12492,Lahore
11484,2023-02-08,Bag,Fashion,4,8038,Quetta
11485,2023-01-15,Shirt,Fashion,3,4241,Lahore
11486,2023-01-04,Watch,Fashion,3,23450,Peshawar
11487,2023-12-15,Shoes,Electronics,2,9646,Islamabad
11488,2023-07-29,Watch,Electronics,1,5435,Islamabad
11489,2023-06-10,Shirt,Electronics,2,5177,Quetta
11490,2023-01-16,Phone,Electronics,4,46115,Lahore
11491,2023-04-18,Bag,Electronics,1,5711,Lahore
11492,2023-11-07,Bag,Electronics,1,40957,Peshawar
11493,2023-08-15,Shirt,Fashion,1,35760,Islamabad
11494,2023-06-19,Shoes,Fashion,1,5677,Lahore
11495,2023-02-03,Bag,Fashion,2,20102,Quetta
11496,2023-09-08,Laptop,Fashion,3,39551,Islamabad
11497,2023-09-04,Bag,Fashion,3,34375,Peshawar
11498,2023-09-26,Laptop,Electronics,4,49203,Quetta
11499,2023-05-21,Shirt,Electronics,3,28747,Karachi
11500,2023-10-01,Shirt,Electronics,3,34931,Peshawar
11501,2023-04-06,Bag,Electronics,3,34868,Quetta
11502,2023-08-15,Watch,Electronics,3,31062,Lahore
11503,2023-02-08,Laptop,Electronics,4,48434,Karachi
11504,2023-10-29,Shoes,Fashion,2,29683,Peshawar
11505,2023-01-29,Bag,Electronics,1,1394,Lahore
11506,2023-11-14,Shoes,Electronics,3,15196,Karachi
11507,2023-09-02,Bag,Electronics,2,36933,Islamabad
11508,2023-08-24,Watch,Electronics,3,46958,Lahore
11509,2023-07-04,Watch,Fashion,3,27428,Quetta
11510,2023-09-29,Watch,Fashion,1,24498,Peshawar
11511,2023-08-24,Phone,Electronics,1,17806,Karachi
11512,2023-08-27,Watch,Fashion,1,22440,Lahore
11513,2023-09-23,Shirt,Fashion,3,18925,Islamabad
11514,2023-12-25,Shirt,Electronics,3,17582,Peshawar
11515,2023-12-06,Phone,Electronics,3,9418,Peshawar
11516,2023-03-06,Laptop,Electronics,1,41356,Lahore
11517,2023-06-26,Shoes,Electronics,4,44109,Islamabad
11518,2023-01-03,Bag,Electronics,2,43285,Karachi
11519,2023-05-22,Bag,Fashion,4,15674,Lahore
11520,2023-06-07,Phone,Electronics,3,48170,Karachi
11521,2023-11-20,Shirt,Electronics,3,14750,Peshawar
11522,2023-05-26,Bag,Electronics,4,46218,Karachi
11523,2023-10-20,Shirt,Fashion,3,29030,Islamabad
11524,2023-06-02,Laptop,Electronics,2,20271,Quetta
11525,2023-07-12,Shoes,Electronics,3,34964,Islamabad
11526,2023-03-14,Laptop,Electronics,2,11901,Karachi
11527,2023-11-01,Phone,Fashion,4,22472,Lahore
11528,2023-12-10,Watch,Electronics,4,16659,Peshawar
11529,2023-05-20,Watch,Electronics,3,32434,Quetta
11530,2023-07-06,Watch,Electronics,2,40037,Lahore
11531,2023-10-20,Laptop,Fashion,3,13388,Lahore
11532,2023-03-02,Bag,Electronics,1,22498,Islamabad
11533,2023-07-17,Shoes,Electronics,1,10794,Karachi
11534,2023-10-22,Watch,Electronics,1,12291,Islamabad
11535,2023-11-15,Phone,Fashion,1,18151,Karachi
11536,2023-10-29,Phone,Electronics,3,10837,Islamabad
11537,2023-12-10,Watch,Electronics,1,25351,Lahore
11538,2023-01-11,Watch,Electronics,2,5247,Peshawar
11539,2023-03-03,Shoes,Fashion,4,19743,Karachi
11540,2023-11-29,Watch,Fashion,4,39067,Quetta
11541,2023-08-14,Shoes,Electronics,1,33414,Quetta
11542,2023-06-02,Phone,Fashion,1,38099,Lahore
11543,2023-07-18,Watch,Fashion,1,40833,Islamabad
11544,2023-02-21,Laptop,Fashion,3,18567,Islamabad
11545,2023-09-17,Laptop,Electronics,4,34908,Lahore
11546,2023-02-28,Phone,Electronics,1,1852,Quetta
11547,2023-03-13,Shoes,Fashion,2,1949,Quetta
11548,2023-05-28,Laptop,Fashion,1,2742,Islamabad
11549,2023-12-15,Shoes,Fashion,4,1700,Karachi
11550,2023-03-04,Laptop,Electronics,1,46819,Peshawar
11551,2023-11-06,Laptop,Electronics,4,20886,Karachi
11552,2023-08-31,Shoes,Fashion,1,44665,Quetta
11553,2023-11-26,Bag,Fashion,2,20283,Karachi
11554,2023-04-17,Laptop,Fashion,1,49870,Peshawar
11555,2023-08-14,Watch,Fashion,2,1232,Karachi
11556,2023-11-09,Phone,Electronics,2,38359,Karachi
11557,2023-08-06,Bag,Fashion,1,31176,Karachi
11558,2023-08-29,Shoes,Electronics,2,38663,Karachi
11559,2023-09-16,Bag,Fashion,3,26791,Lahore
11560,2023-09-19,Shirt,Fashion,1,43399,Quetta
11561,2023-01-05,Shirt,Fashion,1,11031,Peshawar
11562,2023-09-18,Laptop,Fashion,2,7733,Quetta
11563,2023-02-23,Laptop,Fashion,2,37877,Lahore
11564,2023-02-16,Watch,Electronics,1,34981,Lahore
11565,2023-08-03,Phone,Fashion,3,1144,Lahore
11566,2023-06-26,Bag,Fashion,2,46791,Lahore
11567,2023-01-09,Shirt,Fashion,2,35299,Karachi
11568,2023-04-09,Laptop,Electronics,4,24463,Quetta
11569,2023-01-20,Phone,Electronics,3,46794,Islamabad
11570,2023-08-29,Bag,Electronics,3,1682,Peshawar
11571,2023-03-02,Laptop,Electronics,1,14474,Lahore
11572,2023-06-27,Laptop,Fashion,3,1408,Quetta
11573,2023-12-04,Shirt,Fashion,1,21401,Lahore
11574,2023-03-03,Shirt,Fashion,4,8893,Lahore
11575,2023-05-25,Laptop,Electronics,3,1720,Lahore
11576,2023-08-04,Shoes,Fashion,2,29983,Lahore
11577,2023-01-03,Laptop,Fashion,4,37634,Lahore
11578,2023-06-09,Phone,Electronics,1,38060,Peshawar
11579,2023-08-15,Laptop,Electronics,4,39490,Quetta
11580,2023-09-26,Watch,Electronics,1,6193,Lahore
11581,2023-04-30,Watch,Fashion,4,49352,Lahore
11582,2023-03-30,Watch,Fashion,1,22359,Lahore
11583,2023-11-25,Shoes,Electronics,3,20755,Lahore
11584,2023-03-09,Shoes,Fashion,2,33105,Karachi
11585,2023-12-23,Laptop,Electronics,1,31729,Karachi
11586,2023-04-08,Watch,Electronics,4,23710,Islamabad
11587,2023-09-24,Shoes,Fashion,1,21702,Lahore
11588,2023-04-15,Shirt,Electronics,1,20509,Islamabad
11589,2023-11-19,Laptop,Electronics,1,11210,Peshawar
11590,2023-05-03,Phone,Electronics,4,6173,Islamabad
11591,2023-01-29,Bag,Fashion,2,35410,Quetta
11592,2023-05-17,Laptop,Electronics,3,15382,Karachi
11593,2023-07-14,Bag,Electronics,2,10295,Karachi
11594,2023-08-14,Watch,Electronics,1,1637,Lahore
11595,2023-11-28,Bag,Electronics,4,17238,Lahore
11596,2023-06-19,Watch,Electronics,2,44428,Peshawar
11597,2023-01-09,Shirt,Electronics,1,46302,Peshawar
11598,2023-02-09,Bag,Electronics,3,40264,Quetta
11599,2023-01-25,Laptop,Fashion,3,24307,Lahore
11600,2023-09-18,Watch,Fashion,3,20719,Lahore
11601,2023-08-14,Laptop,Electronics,1,49792,Peshawar
11602,2023-05-04,Shoes,Fashion,4,24945,Peshawar
11603,2023-02-07,Watch,Fashion,2,24410,Peshawar
11604,2023-11-24,Bag,Electronics,3,37999,Karachi
11605,2023-09-08,Watch,Fashion,1,30662,Islamabad
11606,2023-06-25,Laptop,Electronics,1,28136,Islamabad
11607,2023-03-31,Shirt,Electronics,2,8797,Lahore
11608,2023-02-06,Watch,Electronics,3,17613,Karachi
11609,2023-11-12,Bag,Electronics,1,43139,Peshawar
11610,2023-06-25,Shoes,Electronics,2,3245,Lahore
11611,2023-10-11,Phone,Fashion,4,27918,Karachi
11612,2023-03-22,Shirt,Electronics,4,30644,Quetta
11613,2023-04-24,Shoes,Fashion,4,13200,Karachi
11614,2023-02-09,Watch,Electronics,3,20204,Lahore
11615,2023-10-28,Laptop,Electronics,2,4167,Islamabad
11616,2023-08-12,Laptop,Electronics,2,37063,Peshawar
11617,2023-11-14,Bag,Fashion,1,30828,Quetta
11618,2023-12-15,Laptop,Electronics,1,32417,Karachi
11619,2023-04-25,Shirt,Electronics,1,31516,Lahore
11620,2023-07-05,Laptop,Electronics,2,42112,Lahore
11621,2023-11-19,Bag,Electronics,1,40149,Peshawar
11622,2023-02-25,Phone,Fashion,2,2609,Lahore
11623,2023-02-09,Watch,Electronics,2,21500,Lahore
11624,2023-12-20,Watch,Fashion,4,48370,Peshawar
11625,2023-02-09,Laptop,Electronics,1,6633,Quetta
11626,2023-12-13,Shoes,Fashion,4,49933,Islamabad
11627,2023-08-25,Watch,Fashion,3,14770,Islamabad
11628,2023-10-16,Phone,Electronics,3,4032,Karachi
11629,2023-09-19,Laptop,Electronics,3,47463,Quetta
11630,2023-08-04,Bag,Fashion,2,45909,Karachi
11631,2023-05-27,Phone,Electronics,2,38428,Islamabad
11632,2023-12-02,Laptop,Electronics,2,36884,Peshawar
11633,2023-06-17,Phone,Electronics,1,23823,Lahore
11634,2023-04-02,Watch,Fashion,4,819,Islamabad
11635,2023-12-19,Bag,Electronics,2,174,Quetta
11636,2023-02-28,Laptop,Electronics,4,26598,Islamabad
11637,2023-02-28,Shirt,Electronics,4,31445,Quetta
11638,2023-10-31,Bag,Fashion,4,20641,Quetta
11639,2023-06-18,Shirt,Electronics,1,46029,Quetta
11640,2023-09-26,Phone,Fashion,1,35017,Karachi
11641,2023-12-29,Shoes,Electronics,3,26128,Peshawar
11642,2023-02-14,Bag,Fashion,3,29645,Islamabad
11643,2023-12-11,Phone,Electronics,4,14133,Peshawar
11644,2023-06-30,Shirt,Electronics,3,31773,Lahore
11645,2023-06-19,Watch,Fashion,4,31074,Islamabad
11646,2023-12-22,Watch,Fashion,1,23197,Peshawar
11647,2023-07-10,Shoes,Fashion,1,37075,Peshawar
11648,2023-06-04,Bag,Electronics,1,27708,Lahore
11649,2023-07-07,Bag,Electronics,2,23625,Quetta
11650,2023-01-07,Bag,Electronics,4,15143,Islamabad
11651,2023-05-13,Phone,Electronics,1,41946,Islamabad
11652,2023-08-23,Shoes,Fashion,4,11825,Lahore
11653,2023-02-14,Bag,Electronics,3,36804,Quetta
11654,2023-11-10,Phone,Electronics,3,42175,Islamabad
11655,2023-09-06,Watch,Electronics,1,37483,Islamabad
11656,2023-01-31,Shirt,Electronics,4,29583,Islamabad
11657,2023-01-23,Phone,Electronics,1,7365,Quetta
11658,2023-06-09,Watch,Electronics,3,22863,Lahore
11659,2023-12-29,Watch,Electronics,1,10216,Islamabad
11660,2023-06-07,Shirt,Fashion,4,15833,Peshawar
11661,2023-02-08,Watch,Electronics,3,46760,Quetta
11662,2023-03-23,Shoes,Electronics,2,25602,Karachi
11663,2023-12-22,Shirt,Electronics,3,37520,Lahore
11664,2023-09-15,Watch,Electronics,2,43341,Peshawar
11665,2023-07-25,Laptop,Fashion,1,9347,Islamabad
11666,2023-03-18,Phone,Fashion,1,23940,Karachi
11667,2023-01-12,Watch,Fashion,4,21158,Lahore
11668,2023-10-22,Shoes,Fashion,2,49793,Quetta
11669,2023-08-12,Bag,Fashion,1,35029,Karachi
11670,2023-01-13,Watch,Fashion,2,18735,Karachi
11671,2023-02-15,Bag,Electronics,1,25728,Peshawar
11672,2023-06-04,Laptop,Fashion,3,31462,Lahore
11673,2023-04-23,Watch,Fashion,1,21053,Peshawar
11674,2023-08-21,Shirt,Electronics,4,19228,Peshawar
11675,2023-01-17,Bag,Fashion,3,47456,Islamabad
11676,2023-12-26,Laptop,Electronics,4,12161,Quetta
11677,2023-08-11,Shirt,Electronics,3,6141,Karachi
11678,2023-12-20,Shirt,Fashion,2,12773,Lahore
11679,2023-07-07,Shirt,Electronics,4,21159,Quetta
11680,2023-12-10,Shirt,Fashion,1,34428,Quetta
11681,2023-12-31,Watch,Fashion,2,44822,Lahore
11682,2023-06-12,Phone,Electronics,1,17648,Quetta
11683,2023-11-22,Watch,Electronics,3,15178,Islamabad
11684,2023-03-15,Watch,Fashion,3,5519,Quetta
11685,2023-08-21,Laptop,Electronics,1,35590,Islamabad
11686,2023-08-12,Laptop,Electronics,1,10650,Karachi
11687,2023-11-15,Phone,Fashion,2,49722,Karachi
11688,2023-03-01,Laptop,Fashion,1,30437,Peshawar
11689,2023-12-01,Shoes,Electronics,4,1568,Islamabad
11690,2023-08-10,Phone,Fashion,4,24409,Karachi
11691,2023-02-06,Laptop,Fashion,1,908,Quetta
11692,2023-10-05,Phone,Fashion,4,24847,Lahore
11693,2023-07-15,Watch,Fashion,1,6819,Lahore
11694,2023-12-18,Watch,Fashion,2,16463,Islamabad
11695,2023-08-30,Phone,Fashion,4,28818,Peshawar
11696,2023-11-20,Shoes,Fashion,4,28901,Quetta
11697,2023-08-07,Shoes,Electronics,1,43459,Islamabad
11698,2023-07-11,Phone,Fashion,4,37941,Lahore
11699,2023-01-17,Laptop,Electronics,3,8112,Islamabad
11700,2023-01-12,Bag,Electronics,2,18129,Quetta
11701,2023-07-12,Shoes,Electronics,2,46760,Karachi
11702,2023-01-22,Shirt,Fashion,4,41117,Quetta
11703,2023-04-30,Watch,Fashion,4,48015,Karachi
11704,2023-07-29,Phone,Electronics,3,867,Karachi
11705,2023-11-02,Shirt,Fashion,3,3995,Karachi
11706,2023-09-27,Phone,Electronics,4,43068,Islamabad
11707,2023-07-11,Watch,Fashion,4,40197,Lahore
11708,2023-06-24,Watch,Fashion,3,15432,Islamabad
11709,2023-10-12,Shoes,Electronics,1,14721,Lahore
11710,2023-07-23,Shoes,Electronics,3,11434,Quetta
11711,2023-06-13,Shirt,Electronics,1,18274,Peshawar
11712,2023-09-08,Phone,Fashion,2,33753,Quetta
11713,2023-08-15,Watch,Electronics,2,40602,Islamabad
11714,2023-01-07,Shirt,Fashion,3,36774,Islamabad
11715,2023-01-29,Bag,Fashion,1,37360,Lahore
11716,2023-02-02,Shirt,Fashion,3,42598,Islamabad
11717,2023-05-14,Laptop,Electronics,3,2173,Karachi
11718,2023-03-20,Shirt,Electronics,1,49564,Islamabad
11719,2023-02-27,Laptop,Electronics,3,6369,Lahore
11720,2023-01-26,Laptop,Fashion,2,17294,Lahore
11721,2023-08-14,Laptop,Fashion,4,26911,Karachi
11722,2023-10-12,Bag,Electronics,4,6941,Lahore
11723,2023-01-04,Shirt,Fashion,3,43823,Peshawar
11724,2023-04-09,Shirt,Fashion,1,34900,Quetta
11725,2023-02-08,Bag,Electronics,1,9799,Islamabad
11726,2023-09-28,Watch,Electronics,2,45605,Peshawar
11727,2023-10-12,Shoes,Electronics,1,10862,Islamabad
11728,2023-06-06,Shirt,Fashion,1,39997,Peshawar
11729,2023-03-16,Shoes,Fashion,2,41656,Islamabad
11730,2023-10-15,Phone,Fashion,3,2247,Karachi
11731,2023-05-10,Phone,Fashion,4,33483,Lahore
11732,2023-06-24,Bag,Fashion,2,33815,Lahore
11733,2023-03-25,Phone,Electronics,3,38545,Karachi
11734,2023-01-22,Phone,Fashion,2,40734,Peshawar
11735,2023-01-27,Watch,Fashion,3,2113,Quetta
11736,2023-07-14,Watch,Fashion,2,20181,Peshawar
11737,2023-12-03,Watch,Electronics,3,16974,Lahore
11738,2023-08-24,Phone,Electronics,2,37855,Quetta
11739,2023-04-02,Bag,Electronics,3,8833,Islamabad
11740,2023-01-21,Laptop,Fashion,2,9579,Quetta
11741,2023-10-30,Laptop,Electronics,4,9925,Peshawar
11742,2023-12-23,Shoes,Electronics,4,21404,Karachi
11743,2023-03-25,Laptop,Electronics,1,35794,Islamabad
11744,2023-09-19,Laptop,Fashion,3,40150,Peshawar
11745,2023-05-27,Watch,Electronics,2,15735,Islamabad
11746,2023-09-14,Watch,Fashion,3,48715,Quetta
11747,2023-02-27,Phone,Fashion,4,20860,Lahore
11748,2023-01-15,Shoes,Electronics,3,9590,Peshawar
11749,2023-06-11,Shirt,Fashion,2,21352,Karachi
11750,2023-06-12,Shoes,Electronics,3,39854,Quetta
11751,2023-11-16,Shoes,Fashion,2,6962,Peshawar
11752,2023-10-08,Bag,Electronics,4,45027,Karachi
11753,2023-10-07,Phone,Electronics,4,4523,Peshawar
11754,2023-01-12,Bag,Electronics,4,10550,Quetta
11755,2023-10-01,Shoes,Fashion,1,41027,Peshawar
11756,2023-09-28,Shoes,Electronics,4,34941,Islamabad
11757,2023-07-27,Shoes,Fashion,3,22654,Quetta
11758,2023-01-27,Laptop,Electronics,1,49953,Peshawar
11759,2023-03-13,Bag,Fashion,4,31926,Lahore
11760,2023-03-01,Shoes,Fashion,3,42979,Peshawar
11761,2023-05-25,Watch,Electronics,3,6925,Islamabad
11762,2023-04-03,Phone,Electronics,3,43520,Karachi
11763,2023-11-05,Phone,Electronics,2,12554,Karachi
11764,2023-01-08,Watch,Electronics,1,24351,Karachi
11765,2023-03-20,Phone,Electronics,3,20748,Lahore
11766,2023-01-27,Laptop,Fashion,2,40836,Islamabad
11767,2023-06-23,Laptop,Electronics,4,24630,Quetta
11768,2023-02-19,Shirt,Electronics,3,12616,Karachi
11769,2023-07-18,Shirt,Fashion,2,47158,Islamabad
11770,2023-12-15,Shirt,Electronics,3,40644,Peshawar
11771,2023-06-30,Phone,Electronics,1,8658,Lahore
11772,2023-01-24,Laptop,Fashion,1,8819,Islamabad
11773,2023-11-12,Laptop,Electronics,4,4986,Islamabad
11774,2023-02-15,Laptop,Electronics,3,28285,Quetta
11775,2023-01-15,Watch,Electronics,2,37487,Islamabad
11776,2023-06-02,Laptop,Fashion,4,21675,Quetta
11777,2023-08-10,Watch,Electronics,3,46824,Lahore
11778,2023-07-25,Shirt,Fashion,4,43213,Lahore
11779,2023-09-30,Shirt,Electronics,2,39743,Peshawar
11780,2023-08-24,Phone,Fashion,4,10200,Quetta
11781,2023-12-06,Shirt,Electronics,4,7956,Quetta
11782,2023-08-16,Phone,Fashion,4,38269,Karachi
11783,2023-01-09,Shoes,Fashion,3,28904,Karachi
11784,2023-06-15,Shoes,Fashion,2,35890,Peshawar
11785,2023-11-15,Bag,Fashion,1,31088,Lahore
11786,2023-08-02,Phone,Fashion,3,44543,Karachi
11787,2023-04-27,Bag,Fashion,1,11012,Islamabad
11788,2023-12-10,Bag,Electronics,1,38606,Lahore
11789,2023-03-13,Shoes,Electronics,3,47994,Islamabad
11790,2023-03-05,Phone,Fashion,3,22468,Quetta
11791,2023-07-24,Shoes,Fashion,2,1870,Lahore
11792,2023-07-28,Bag,Fashion,2,12405,Peshawar
11793,2023-03-13,Phone,Fashion,4,10069,Quetta
11794,2023-10-04,Bag,Electronics,1,12504,Quetta
11795,2023-10-01,Laptop,Fashion,2,9089,Islamabad
11796,2023-11-16,Phone,Electronics,4,36083,Quetta
11797,2023-12-04,Phone,Electronics,2,44848,Karachi
11798,2023-04-05,Bag,Fashion,3,39562,Lahore
11799,2023-06-15,Laptop,Fashion,2,19460,Karachi
11800,2023-02-01,Watch,Electronics,1,20221,Islamabad
11801,2023-01-11,Shoes,Electronics,2,26387,Islamabad
11802,2023-10-28,Bag,Fashion,1,43529,Lahore
11803,2023-08-05,Phone,Fashion,3,34260,Quetta
11804,2023-10-16,Shoes,Fashion,1,6889,Peshawar
11805,2023-04-12,Shoes,Electronics,2,27281,Islamabad
11806,2023-09-24,Shoes,Electronics,4,14485,Lahore
11807,2023-08-02,Watch,Fashion,3,17161,Peshawar
11808,2023-06-28,Shirt,Electronics,2,205,Quetta
11809,2023-03-29,Bag,Electronics,3,44347,Islamabad
11810,2023-02-10,Shirt,Fashion,3,21237,Lahore
11811,2023-03-17,Shirt,Fashion,2,34814,Lahore
11812,2023-02-15,Shirt,Electronics,2,5644,Lahore
11813,2023-06-09,Shoes,Electronics,4,13375,Islamabad
11814,2023-03-21,Laptop,Fashion,3,39853,Peshawar
11815,2023-11-06,Shoes,Fashion,3,34650,Lahore
11816,2023-03-27,Shoes,Fashion,2,19741,Quetta
11817,2023-04-02,Phone,Fashion,1,6313,Lahore
11818,2023-05-28,Phone,Fashion,2,14585,Peshawar
11819,2023-06-10,Shirt,Electronics,3,15705,Islamabad
11820,2023-07-21,Shoes,Electronics,2,37737,Lahore
11821,2023-08-30,Shirt,Electronics,4,20490,Lahore
11822,2023-12-19,Phone,Electronics,1,9967,Quetta
11823,2023-01-02,Laptop,Fashion,2,4081,Quetta
11824,2023-08-13,Bag,Fashion,4,9593,Lahore
11825,2023-10-16,Shirt,Fashion,3,5782,Lahore
11826,2023-08-21,Laptop,Electronics,2,5882,Quetta
11827,2023-03-18,Bag,Electronics,3,29899,Peshawar
11828,2023-04-26,Watch,Electronics,4,42005,Karachi
11829,2023-06-03,Shirt,Fashion,3,17084,Karachi
11830,2023-04-13,Shirt,Electronics,4,45880,Lahore
11831,2023-07-13,Watch,Fashion,4,22860,Quetta
11832,2023-06-15,Watch,Fashion,4,26093,Islamabad
11833,2023-12-25,Shirt,Fashion,2,1624,Islamabad
11834,2023-03-31,Watch,Fashion,3,49502,Karachi
11835,2023-06-23,Shoes,Fashion,3,26220,Peshawar
11836,2023-05-02,Bag,Fashion,1,178,Karachi
11837,2023-05-23,Bag,Electronics,1,35991,Lahore
11838,2023-04-16,Bag,Fashion,1,25573,Peshawar
11839,2023-11-01,Shoes,Fashion,1,39932,Islamabad
11840,2023-12-26,Watch,Electronics,3,45936,Quetta
11841,2023-11-13,Laptop,Fashion,4,8517,Quetta
11842,2023-05-03,Watch,Electronics,4,13462,Lahore
11843,2023-01-09,Shirt,Electronics,2,1309,Karachi
11844,2023-09-19,Phone,Electronics,4,38021,Lahore
11845,2023-03-14,Bag,Fashion,3,4998,Quetta
11846,2023-12-25,Watch,Fashion,3,18662,Islamabad
11847,2023-08-11,Laptop,Electronics,3,10971,Quetta
11848,2023-02-10,Shirt,Fashion,2,7710,Peshawar
11849,2023-07-23,Shoes,Fashion,1,43945,Quetta
11850,2023-09-21,Shoes,Electronics,4,27482,Quetta
11851,2023-11-24,Laptop,Electronics,3,15891,Peshawar
11852,2023-06-27,Shirt,Fashion,3,35412,Karachi
11853,2023-12-14,Bag,Electronics,1,38390,Quetta
11854,2023-11-14,Watch,Electronics,3,2470,Lahore
11855,2023-03-25,Shirt,Electronics,4,19765,Quetta
11856,2023-11-14,Shoes,Fashion,2,4810,Lahore
11857,2023-04-21,Laptop,Fashion,3,428,Peshawar
11858,2023-09-08,Laptop,Fashion,4,46551,Quetta
11859,2023-01-07,Watch,Electronics,3,38447,Peshawar
11860,2023-03-25,Laptop,Fashion,1,20712,Peshawar
11861,2023-07-27,Laptop,Electronics,3,45990,Karachi
11862,2023-11-10,Shirt,Fashion,3,6894,Quetta
11863,2023-01-22,Bag,Fashion,2,32988,Lahore
11864,2023-01-03,Watch,Electronics,1,6849,Lahore
11865,2023-05-07,Shirt,Fashion,1,46631,Quetta
11866,2023-10-24,Bag,Electronics,2,20708,Karachi
11867,2023-07-07,Shirt,Fashion,3,15550,Karachi
11868,2023-12-28,Phone,Fashion,4,3775,Karachi
11869,2023-01-14,Shirt,Electronics,1,18560,Lahore
11870,2023-01-12,Laptop,Electronics,1,38511,Peshawar
11871,2023-03-28,Bag,Electronics,3,11660,Karachi
11872,2023-01-12,Watch,Fashion,3,32563,Lahore
11873,2023-01-25,Watch,Fashion,1,31763,Lahore
11874,2023-10-28,Bag,Fashion,3,48251,Peshawar
11875,2023-08-31,Laptop,Electronics,4,3270,Quetta
11876,2023-05-02,Shoes,Electronics,1,33223,Quetta
11877,2023-05-27,Shirt,Electronics,4,28910,Karachi
11878,2023-02-24,Laptop,Fashion,4,9818,Karachi
11879,2023-08-26,Phone,Fashion,3,128,Peshawar
11880,2023-12-22,Bag,Electronics,4,47699,Karachi
11881,2023-06-22,Shirt,Fashion,3,17497,Peshawar
11882,2023-08-09,Watch,Electronics,2,43762,Lahore
11883,2023-04-29,Shoes,Fashion,3,41887,Karachi
11884,2023-11-05,Phone,Fashion,4,45506,Lahore
11885,2023-07-02,Watch,Electronics,2,47757,Islamabad
11886,2023-10-15,Bag,Fashion,3,2124,Peshawar
11887,2023-11-03,Shirt,Fashion,4,38707,Islamabad
11888,2023-10-27,Bag,Electronics,1,13603,Karachi
11889,2023-03-23,Shirt,Electronics,1,10403,Lahore
11890,2023-07-30,Laptop,Fashion,3,17238,Karachi
11891,2023-05-30,Shoes,Electronics,3,25445,Islamabad
11892,2023-02-06,Laptop,Fashion,1,29605,Karachi
11893,2023-12-18,Laptop,Electronics,4,2006,Quetta
11894,2023-11-08,Bag,Fashion,4,40267,Islamabad
11895,2023-12-27,Shoes,Fashion,4,8061,Karachi
11896,2023-02-28,Shirt,Electronics,3,26240,Lahore
11897,2023-05-11,Shirt,Fashion,2,12131,Karachi
11898,2023-07-21,Phone,Fashion,2,15228,Lahore
11899,2023-08-31,Watch,Electronics,2,15763,Quetta
11900,2023-02-04,Phone,Electronics,2,34328,Karachi
11901,2023-04-03,Phone,Fashion,2,15782,Quetta
11902,2023-07-26,Shirt,Electronics,3,15293,Islamabad
11903,2023-12-19,Bag,Electronics,3,28661,Lahore
11904,2023-11-28,Laptop,Fashion,2,43913,Islamabad
11905,2023-11-01,Laptop,Fashion,3,7866,Lahore
11906,2023-12-16,Laptop,Electronics,3,29944,Quetta
11907,2023-08-01,Shoes,Electronics,2,29532,Peshawar
11908,2023-06-08,Shirt,Electronics,4,29604,Karachi
11909,2023-01-24,Bag,Fashion,3,37246,Quetta
11910,2023-10-20,Shoes,Fashion,4,40397,Lahore
11911,2023-01-04,Watch,Fashion,3,20958,Lahore
11912,2023-08-08,Bag,Fashion,3,3171,Lahore
11913,2023-12-30,Phone,Fashion,2,17039,Lahore
11914,2023-01-20,Bag,Fashion,3,25031,Karachi
11915,2023-06-01,Bag,Fashion,1,44560,Islamabad
11916,2023-02-19,Laptop,Electronics,1,1140,Peshawar
11917,2023-06-26,Bag,Electronics,2,2786,Karachi
11918,2023-04-06,Phone,Fashion,4,12766,Lahore
11919,2023-04-15,Phone,Fashion,4,35421,Karachi
11920,2023-09-07,Shirt,Fashion,4,1879,Quetta
11921,2023-04-27,Bag,Electronics,1,13286,Lahore
11922,2023-12-20,Laptop,Fashion,4,16559,Peshawar
11923,2023-08-16,Bag,Electronics,4,20810,Lahore
11924,2023-03-07,Watch,Electronics,2,22319,Peshawar
11925,2023-12-01,Watch,Electronics,4,5157,Peshawar
11926,2023-09-19,Laptop,Electronics,1,18833,Islamabad
11927,2023-10-22,Shirt,Electronics,1,19257,Islamabad
11928,2023-08-31,Shirt,Fashion,1,35130,Karachi
11929,2023-07-05,Phone,Fashion,2,19713,Karachi
11930,2023-09-03,Phone,Electronics,2,43176,Peshawar
11931,2023-05-05,Shoes,Fashion,3,49644,Lahore
11932,2023-09-25,Laptop,Electronics,4,17592,Quetta
11933,2023-05-11,Bag,Electronics,2,20846,Quetta
11934,2023-08-25,Laptop,Fashion,1,5288,Lahore
11935,2023-01-18,Shoes,Fashion,1,41670,Lahore
11936,2023-02-09,Phone,Fashion,2,29780,Islamabad
11937,2023-01-21,Laptop,Fashion,2,37925,Quetta
11938,2023-08-13,Laptop,Fashion,2,36866,Peshawar
11939,2023-12-21,Phone,Electronics,3,8964,Karachi
11940,2023-10-09,Shoes,Fashion,1,36545,Islamabad
11941,2023-01-08,Phone,Fashion,3,5896,Quetta
11942,2023-04-10,Shirt,Fashion,3,47318,Lahore
11943,2023-08-28,Bag,Electronics,4,39231,Quetta
11944,2023-03-28,Phone,Fashion,1,8223,Peshawar
11945,2023-10-25,Shoes,Electronics,1,8322,Islamabad
11946,2023-01-14,Watch,Fashion,2,24174,Lahore
11947,2023-11-30,Shirt,Fashion,2,46522,Peshawar
11948,2023-01-02,Watch,Electronics,4,29925,Karachi
11949,2023-10-20,Phone,Fashion,3,36939,Islamabad
11950,2023-11-21,Shirt,Fashion,2,41676,Peshawar
11951,2023-02-10,Bag,Electronics,2,2886,Peshawar
11952,2023-11-14,Phone,Fashion,1,33738,Lahore
11953,2023-11-12,Bag,Electronics,1,37064,Karachi
11954,2023-04-21,Laptop,Electronics,2,44664,Peshawar
11955,2023-01-14,Watch,Electronics,1,26088,Islamabad
11956,2023-08-19,Shirt,Electronics,4,35607,Peshawar
11957,2023-03-25,Bag,Electronics,2,33808,Quetta
11958,2023-05-10,Shoes,Fashion,1,33208,Islamabad
11959,2023-08-19,Bag,Fashion,4,29815,Islamabad
11960,2023-11-22,Shoes,Fashion,1,23906,Peshawar
11961,2023-05-25,Phone,Electronics,1,37001,Lahore
11962,2023-12-11,Shirt,Electronics,1,17143,Islamabad
11963,2023-01-28,Bag,Electronics,2,10325,Quetta
11964,2023-03-07,Bag,Electronics,3,9852,Lahore
11965,2023-06-12,Shirt,Fashion,1,3557,Lahore
11966,2023-08-17,Bag,Fashion,4,42716,Lahore
11967,2023-09-18,Shoes,Electronics,2,9341,Islamabad
11968,2023-06-13,Bag,Electronics,2,553,Lahore
11969,2023-10-28,Watch,Fashion,4,9996,Peshawar
11970,2023-10-30,Phone,Electronics,1,21926,Lahore
11971,2023-10-14,Laptop,Electronics,3,11076,Quetta
11972,2023-01-10,Shoes,Electronics,1,48740,Karachi
11973,2023-07-14,Watch,Fashion,4,33686,Quetta
11974,2023-04-28,Phone,Fashion,2,4968,Islamabad
11975,2023-09-27,Shirt,Electronics,3,16496,Lahore
11976,2023-03-21,Shoes,Fashion,2,31734,Lahore
11977,2023-04-03,Laptop,Electronics,4,12271,Peshawar
11978,2023-09-23,Phone,Electronics,1,24211,Lahore
11979,2023-11-28,Laptop,Fashion,3,33788,Quetta
11980,2023-12-16,Shirt,Electronics,2,21404,Islamabad
11981,2023-12-27,Shirt,Electronics,2,42374,Karachi
11982,2023-09-14,Shoes,Fashion,2,39343,Lahore
11983,2023-05-13,Bag,Electronics,1,28353,Karachi
11984,2023-10-03,Shirt,Electronics,3,31080,Lahore
11985,2023-09-21,Phone,Electronics,1,2117,Islamabad
11986,2023-06-20,Bag,Fashion,1,8057,Quetta
11987,2023-01-01,Watch,Electronics,1,49098,Islamabad
11988,2023-11-09,Laptop,Fashion,4,42288,Karachi
11989,2023-03-05,Bag,Electronics,4,4892,Lahore
11990,2023-10-11,Laptop,Electronics,4,13337,Karachi
11991,2023-05-01,Bag,Electronics,3,16351,Quetta
11992,2023-04-17,Watch,Electronics,1,19352,Islamabad
11993,2023-06-24,Shirt,Fashion,1,10807,Karachi
11994,2023-07-23,Watch,Fashion,4,34306,Karachi
11995,2023-06-14,Shirt,Electronics,1,28840,Quetta
11996,2023-11-01,Shirt,Electronics,1,3643,Lahore
11997,2023-04-30,Laptop,Electronics,2,44235,Karachi
11998,2023-02-13,Phone,Electronics,1,48388,Quetta
11999,2023-11-08,Watch,Electronics,2,39211,Lahore
